0,1,2,3,4,5,6,7,8,9,10,11,12,13,14,15,16,17,18,19,20,21,22,23,24,25,26,27,28,29,30,31,32,33,34,35,36,37,38,39,40,41,42,43,44,45,46,47,48,49,50,51,52,53,54,55,56,57,58,59,60,61,62,63,64,65,66,67,68,69,70,71,72,73,74,75,76,77,78,79,80,81,82,83,84,85,86,87,88,89,90,91,92,93,94,95,96,97,98,99
844,383,953,686,526,218,704,53,801,492,371,760,676,594,605,92,25,881,253,400,99,810,379,873,321,421,512,678,130,113,85,758,120,145,708,606,137,207,155,648,888,560,410,914,223,377,780,203,577,622,63,874,692,265,697,777,910,723,205,698,300,464,80,408,355,107,834,275,850,140,341,202,285,298,198,984,597,990,487,978,860,254,302,957,707,584,459,826,21,470,739,239,91,733,17,192,131,752,10,506
612,263,705,754,180,978,719,34,276,538,886,846,485,516,858,166,308,646,717,178,800,554,758,694,376,832,897,341,486,547,243,616,45,228,489,320,451,975,987,968,66,692,896,630,6,929,202,629,488,380,502,555,810,824,44,715,895,533,465,268,330,462,384,582,506,667,199,919,75,383,628,231,65,9,769,713,266,226,604,849,333,960,450,742,160,580,39,636,700,10,521,526,724,766,402,374,144,419,650,680
807,677,342,318,559,225,491,58,912,368,796,192,725,393,429,431,313,740,424,395,701,87,885,833,494,70,689,708,651,557,181,409,421,167,94,931,849,952,800,730,887,163,235,773,709,893,671,259,193,894,208,246,878,297,329,201,103,840,771,565,35,179,91,328,918,275,984,168,52,249,120,440,364,197,350,519,216,462,920,841,285,795,872,529,536,480,674,384,570,102,165,847,34,657,780,414,992,586,505,547
277,694,734,524,176,390,331,786,283,474,962,418,375,608,618,737,100,541,821,9,18,475,930,601,985,347,703,20,111,662,40,596,889,85,444,611,153,877,466,489,794,518,816,452,933,457,965,700,498,114,436,673,255,306,398,916,30,8,233,81,287,751,881,660,728,35,841,526,616,225,725,169,198,633,830,980,340,408,547,453,581,348,759,152,500,88,302,987,600,590,570,311,227,832,417,235,748,973,396,773
154,649,845,538,505,508,687,635,16,674,409,75,420,107,134,997,785,293,572,194,465,304,459,135,284,643,551,942,86,553,325,577,510,151,914,274,92,494,316,367,702,226,619,307,94,953,186,939,938,962,120,481,21,131,378,270,879,78,250,513,121,279,54,109,927,166,717,716,913,64,941,72,340,911,910,769,932,309,305,440,343,432,782,47,633,589,866,20,299,979,333,772,468,552,579,356,407,748,725,195
361,158,530,769,414,59,525,285,340,624,5,794,534,352,36,80,842,672,94,161,297,619,336,225,166,764,621,89,401,542,103,760,650,680,993,478,774,155,100,34,19,878,223,655,209,330,875,730,874,806,865,467,15,541,211,127,276,705,583,261,984,25,803,994,83,287,137,160,269,724,597,212,726,128,459,12,169,363,299,213,897,387,804,446,711,57,844,817,688,747,349,732,102,561,979,537,614,725,510,548
930,54,808,545,110,13,274,731,774,722,794,514,665,754,325,628,341,834,340,530,588,725,606,573,659,825,732,735,858,82,49,960,439,291,237,872,117,782,31,910,366,461,459,561,227,996,819,361,9,100,280,519,967,352,267,788,331,417,297,968,557,363,178,450,945,104,724,256,888,537,456,615,466,542,656,72,68,464,12,952,145,78,90,155,512,626,916,824,168,176,997,965,756,240,334,83,184,835,904,523
633,566,238,946,590,962,159,711,219,845,937,31,999,739,391,544,862,528,777,242,850,679,346,727,631,915,327,201,998,835,365,530,170,35,928,782,545,823,278,298,191,253,557,162,303,352,584,110,49,895,834,37,927,515,29,51,315,513,876,36,329,175,28,879,986,808,685,586,677,222,769,143,890,698,779,405,791,501,618,683,258,751,967,92,773,312,575,482,632,308,130,763,26,490,960,449,828,338,43,138
767,556,800,538,998,32,243,566,189,494,172,638,544,962,74,20,168,959,280,831,160,817,565,583,269,757,399,149,292,849,209,517,421,459,40,460,986,150,67,80,750,366,101,113,206,167,637,242,935,246,308,938,967,208,216,34,821,212,855,210,745,435,854,846,135,803,851,542,617,11,299,761,715,814,667,322,348,300,717,672,236,816,679,90,524,97,791,779,636,439,412,731,649,946,746,204,848,502,103,701
525,472,815,708,351,30,971,493,344,419,842,962,96,573,365,558,31,806,801,468,843,194,741,747,180,387,198,179,621,693,461,788,16,898,764,146,716,872,909,530,305,233,683,184,160,942,135,680,650,516,331,142,27,952,330,980,948,592,951,277,797,944,295,469,589,53,891,781,454,579,959,366,605,535,537,483,557,249,415,412,259,95,473,938,411,446,138,4,303,912,269,922,804,393,870,12,963,528,807,313
118,926,282,756,843,287,966,540,351,476,983,48,968,285,765,85,956,502,381,97,162,831,833,479,215,8,974,623,395,648,21,554,919,527,294,74,808,486,255,403,397,481,436,485,23,236,732,897,930,289,656,918,695,804,435,535,453,157,853,43,487,393,5,994,214,720,102,533,505,406,370,55,645,144,951,825,83,790,681,456,979,636,22,166,488,565,501,110,771,984,688,865,366,67,859,758,888,552,689,329
5,998,594,2,501,898,311,286,803,24,495,164,996,105,537,77,431,45,643,244,272,148,49,806,485,971,421,564,419,940,509,684,302,955,131,98,745,262,695,543,13,613,733,710,659,584,835,724,438,522,720,517,392,861,89,350,568,989,469,412,237,530,738,217,144,716,267,702,573,772,763,156,582,821,96,196,384,354,120,224,65,270,576,970,676,249,789,188,717,814,299,314,978,247,60,153,631,711,169,207
355,664,498,165,0,180,348,698,436,775,305,932,978,340,98,67,458,990,760,83,262,750,597,217,142,356,264,303,902,235,824,197,590,928,948,65,869,634,345,524,974,633,222,256,101,441,395,494,976,268,632,568,721,250,615,295,578,198,560,662,226,56,12,297,204,179,673,162,81,920,433,975,245,344,161,618,989,370,848,785,809,941,432,794,100,476,977,412,663,927,728,151,346,523,517,389,315,379,624,604
326,240,605,470,792,746,986,200,425,612,77,461,671,688,72,74,86,852,237,936,722,501,954,84,291,227,228,155,266,494,850,999,174,381,391,278,991,695,246,910,642,33,283,380,327,808,842,676,715,133,332,279,236,412,449,206,312,713,13,575,726,592,705,102,907,616,739,945,150,42,284,58,537,325,320,450,761,489,322,180,729,282,972,685,509,749,809,342,559,720,789,810,607,753,176,878,981,833,734,578
159,270,327,815,883,772,170,411,721,568,89,788,189,896,116,464,132,506,722,467,656,71,989,233,584,36,427,897,303,362,661,510,32,593,952,592,994,770,80,494,766,442,860,2,530,571,81,953,266,499,987,476,648,273,565,839,139,259,449,267,689,324,607,798,220,733,522,540,729,453,60,780,880,359,806,761,548,450,208,182,48,197,627,744,898,542,979,376,428,538,61,41,11,747,837,257,918,736,518,710
160,841,121,304,714,544,616,70,10,123,672,12,506,26,973,723,507,14,934,695,986,18,164,161,959,587,223,826,753,847,279,843,888,733,42,66,6,962,780,893,173,120,210,603,524,368,938,667,414,71,777,273,549,58,575,306,322,697,551,870,478,752,536,984,255,296,850,991,217,436,8,595,651,535,519,169,675,139,591,4,372,428,760,85,866,941,812,462,465,561,55,435,193,577,862,569,258,108,929,63
435,126,177,766,696,373,528,458,946,866,433,245,130,775,652,293,78,756,480,172,381,881,908,13,270,189,292,667,461,308,503,419,174,861,879,874,773,791,210,518,929,523,15,716,263,570,526,235,745,590,320,591,98,65,841,344,507,93,96,3,339,102,124,82,809,984,842,771,843,973,56,164,318,639,395,854,6,112,692,804,343,420,512,178,897,165,386,79,784,303,59,75,898,1,636,823,444,969,332,514
90,279,468,551,604,366,586,624,472,147,620,176,281,26,53,763,895,887,632,169,240,511,282,408,87,574,133,436,161,635,129,966,94,547,150,571,921,42,55,103,668,656,554,442,701,338,268,284,572,946,308,121,891,981,671,828,849,510,889,941,872,88,414,993,276,298,80,936,840,522,29,439,427,305,290,599,229,3,431,61,494,648,461,288,627,774,254,507,930,998,92,218,330,212,924,680,122,595,173,545
357,282,585,291,670,128,331,464,418,854,773,243,733,772,33,929,370,300,409,538,610,924,570,755,50,545,40,53,714,960,352,270,396,640,223,879,13,436,142,417,839,374,113,628,242,967,288,844,390,491,276,210,433,784,918,12,805,260,301,383,57,286,487,518,46,895,109,253,177,405,820,809,92,321,496,790,493,694,334,907,353,722,505,947,108,441,943,303,795,56,962,73,672,101,678,277,836,843,595,337
490,555,455,801,457,310,942,735,751,508,259,252,861,928,408,517,127,129,661,867,708,803,586,199,717,721,828,905,669,885,681,85,366,963,552,93,924,86,825,660,334,699,192,51,698,581,135,869,671,430,242,121,936,901,139,819,158,265,724,45,358,336,734,133,365,558,538,980,396,24,263,387,542,178,322,822,167,284,612,373,784,151,511,795,69,775,864,174,423,837,477,238,476,653,550,208,19,994,229,444
821,914,670,181,86,178,460,121,206,761,311,769,857,153,507,577,650,573,303,713,239,578,540,529,449,565,237,162,306,51,302,913,766,562,195,111,630,70,189,273,458,166,505,982,958,751,235,365,450,738,0,150,36,897,687,248,283,227,795,429,908,966,326,386,63,570,21,56,556,864,112,135,431,593,955,756,388,774,340,702,804,250,330,728,356,310,493,785,831,439,176,561,191,400,574,413,673,656,830,558
235,587,930,435,378,119,427,282,445,980,47,793,41,507,144,609,706,859,833,280,884,220,715,135,795,772,91,334,617,947,208,441,150,413,990,797,202,57,182,387,726,489,769,289,514,281,694,357,363,983,412,395,775,567,611,543,40,465,642,968,421,561,257,351,552,201,223,434,38,932,837,323,398,661,238,361,753,880,53,588,540,89,556,851,475,307,727,572,532,809,889,939,391,96,946,931,584,987,978,708
224,11,515,533,635,512,700,958,811,417,186,55,261,748,984,552,197,158,550,773,226,882,534,133,401,593,74,879,728,853,732,375,900,638,247,448,313,655,398,571,13,546,981,637,343,808,954,971,437,473,431,941,737,495,193,387,373,559,34,479,789,346,639,9,259,910,572,119,404,565,211,25,807,867,424,724,858,262,89,2,771,953,386,711,832,708,843,246,130,884,95,578,155,174,394,592,296,269,973,352
226,975,224,998,906,399,29,833,606,843,573,19,871,714,682,353,480,916,942,806,584,175,402,2,98,811,841,13,813,832,436,945,957,181,910,245,793,154,903,824,678,665,229,193,197,718,829,407,585,8,182,958,562,706,371,836,187,453,786,538,542,1,311,885,478,293,184,66,288,203,839,381,712,611,889,115,583,361,788,486,56,357,996,212,387,80,43,850,646,318,852,604,117,798,495,540,71,864,823,639
929,322,130,691,779,825,143,940,920,866,905,795,293,510,956,380,305,151,643,549,734,567,574,742,496,786,558,332,329,43,325,702,737,895,12,497,669,317,142,433,588,477,198,846,740,318,144,504,112,309,166,400,21,916,663,694,215,93,271,87,690,441,55,518,123,736,346,679,278,225,256,444,110,556,386,857,448,865,525,393,818,364,968,673,901,72,13,9,980,381,383,771,605,168,272,533,722,587,369,633
236,411,851,741,83,279,434,703,829,85,786,261,598,199,13,609,944,903,818,626,964,854,653,955,137,68,373,232,33,438,64,336,993,436,363,783,490,472,870,720,659,368,444,211,628,563,809,321,89,632,637,87,171,649,643,603,843,806,602,430,395,690,316,428,219,872,410,614,896,650,654,253,433,579,179,41,540,900,504,303,680,123,449,495,639,61,483,856,264,940,613,729,205,291,72,740,970,998,681,57
995,453,978,551,158,945,138,78,752,701,384,594,972,101,396,15,108,44,739,139,608,675,109,684,693,774,267,196,952,539,10,741,557,884,839,454,67,852,690,429,937,627,866,386,502,425,184,954,991,663,650,934,358,549,367,92,261,736,770,814,985,236,648,285,455,485,255,595,330,657,20,931,625,312,841,190,816,30,227,332,541,283,579,974,578,38,865,521,365,369,76,528,993,575,427,383,981,940,654,834
964,511,575,491,539,557,669,985,318,429,817,701,36,553,741,115,652,785,447,78,937,247,204,369,778,100,34,125,77,989,262,690,188,855,440,294,905,753,526,636,768,562,862,341,571,320,647,319,992,39,138,42,392,544,88,2,613,573,595,876,177,466,737,840,451,509,473,324,196,142,716,287,102,178,265,754,890,512,261,861,439,786,368,336,212,404,877,231,490,310,755,805,697,957,430,179,896,444,848,455
128,339,715,843,0,461,430,207,889,655,335,382,42,718,503,550,355,292,797,519,305,555,835,841,148,162,381,648,713,480,239,99,299,155,282,549,862,688,179,256,380,962,733,517,758,149,488,945,479,849,254,824,647,134,289,899,338,948,592,209,284,986,248,210,71,546,646,373,140,120,331,471,112,612,810,462,352,8,199,409,378,14,383,678,569,467,567,5,350,87,93,545,446,138,448,215,708,356,553,872
861,574,736,41,430,79,807,42,52,25,892,841,842,216,525,75,566,232,953,718,264,393,130,656,406,222,514,720,791,706,779,374,88,582,857,355,922,977,676,437,363,886,306,700,405,72,436,539,990,699,562,3,214,366,955,80,869,907,801,157,607,558,113,383,587,677,973,494,624,248,304,698,984,235,661,947,431,730,688,371,734,870,595,713,781,262,719,988,309,793,236,682,389,501,771,483,606,858,203,684
746,41,95,517,635,50,533,865,752,21,294,17,813,841,377,675,582,149,60,555,765,63,262,624,326,14,647,376,943,508,933,928,146,452,723,93,122,19,358,606,993,538,88,531,778,659,893,331,391,921,919,651,303,459,524,977,869,380,227,57,246,719,70,845,156,428,827,215,653,321,648,526,664,698,301,403,7,483,855,167,567,989,47,23,751,302,431,299,954,378,694,532,907,788,353,432,476,574,967,347
981,994,900,166,152,147,398,557,568,603,25,788,513,464,227,350,562,507,203,52,243,326,70,992,735,644,120,209,346,75,732,79,422,390,417,852,816,332,195,838,184,266,443,351,928,469,576,282,579,337,473,904,574,344,956,699,889,608,267,427,150,566,362,324,730,823,78,724,205,950,7,762,891,955,535,134,729,642,897,657,19,661,840,842,95,27,924,643,621,658,389,585,270,747,86,224,506,549,777,740
520,913,898,428,353,790,2,70,289,667,401,329,383,1,882,627,369,839,387,533,567,621,879,655,933,939,425,490,666,384,602,987,197,8,688,723,424,354,823,306,360,848,950,480,661,976,92,431,91,494,179,233,917,201,781,636,507,783,151,529,631,451,961,174,973,513,126,138,433,27,167,447,612,922,332,528,361,676,185,466,30,853,333,79,338,182,199,470,969,110,153,468,417,637,83,159,812,483,169,745
24,180,111,212,137,523,280,855,886,847,556,91,781,570,268,780,254,533,762,171,905,366,487,628,589,993,60,81,752,74,367,922,204,576,535,383,610,764,755,58,693,173,106,423,988,976,786,413,155,243,126,779,878,743,531,378,397,597,195,315,432,605,105,300,507,601,267,851,723,403,101,791,491,265,277,463,39,867,416,320,860,770,481,359,676,829,750,471,950,357,353,87,77,410,920,563,837,190,405,833
571,415,200,212,736,462,201,134,306,64,539,783,636,610,922,242,984,416,116,994,326,483,179,50,135,925,152,569,149,635,572,929,312,269,657,935,691,402,690,889,529,536,282,169,443,831,961,632,612,250,254,442,847,973,22,325,335,266,399,652,907,477,722,959,278,731,951,564,57,661,248,991,646,967,30,137,987,23,100,260,404,939,89,374,479,943,599,21,861,423,429,127,663,714,95,420,380,777,883,530
42,91,664,981,271,575,820,8,895,782,215,347,48,220,20,662,433,405,846,55,805,317,193,439,415,252,288,378,174,408,58,961,397,957,492,47,437,911,303,264,432,612,579,747,658,990,461,188,26,363,399,691,499,118,826,672,291,200,881,967,621,732,980,375,802,175,557,763,507,199,837,974,323,559,78,660,178,172,670,771,800,169,483,18,809,376,731,143,477,954,632,709,596,402,70,434,695,19,6,642
313,311,883,225,881,180,13,310,215,198,774,29,190,897,273,615,540,466,887,787,731,937,635,233,861,186,844,204,530,416,508,49,767,373,850,730,457,949,733,865,172,352,659,77,105,286,886,159,601,261,569,849,93,323,134,490,899,153,429,828,31,759,411,330,885,875,68,972,312,321,18,666,854,561,226,45,424,718,358,347,902,433,70,513,791,448,531,722,259,276,385,642,348,797,684,606,456,119,151,120
312,457,441,243,368,181,873,334,995,386,892,178,475,232,124,427,0,347,116,706,179,518,113,987,76,566,716,63,766,497,663,910,787,292,247,261,531,577,91,92,431,163,167,239,506,152,912,818,186,68,219,286,736,595,317,551,559,104,15,520,99,867,659,846,105,617,963,816,464,43,914,391,999,41,657,79,825,325,761,343,384,58,534,10,970,630,201,294,783,981,428,755,975,644,945,461,615,403,578,836
534,946,860,90,967,595,389,603,162,91,394,166,489,508,295,206,786,357,230,939,494,902,502,63,715,491,748,320,801,604,782,483,789,912,670,321,927,830,869,537,924,259,380,385,817,445,197,607,261,229,7,341,323,18,130,562,157,617,790,243,338,299,802,861,503,944,308,749,879,840,43,17,12,935,798,576,989,135,811,953,87,839,791,669,485,58,250,732,267,405,218,571,66,235,454,620,118,788,191,992
318,558,121,954,926,341,275,305,600,235,123,616,921,113,641,404,425,473,556,78,751,662,572,629,729,293,108,455,805,494,219,255,547,801,461,253,544,953,850,987,997,75,34,894,133,376,772,557,654,81,436,286,612,229,12,224,448,559,569,386,895,159,446,312,479,416,520,19,856,212,187,899,45,142,969,462,414,697,590,297,841,149,83,527,120,941,537,518,7,373,3,826,762,900,878,357,596,378,452,756
104,165,133,836,849,198,621,315,91,696,886,731,27,573,202,5,477,966,88,68,987,613,497,916,323,286,409,841,437,650,635,273,954,447,964,815,168,15,713,618,657,644,380,929,281,879,483,726,441,108,548,768,113,907,818,874,997,450,353,780,949,234,908,152,680,661,249,274,634,316,22,778,673,988,12,301,808,470,250,612,511,554,377,827,759,308,361,821,624,855,664,67,781,537,179,418,14,516,21,955
463,770,665,137,315,751,201,210,863,827,243,603,625,354,112,454,534,592,476,478,12,246,516,424,432,446,348,413,842,729,947,607,526,627,807,160,766,396,80,646,466,474,89,452,873,107,368,259,20,502,857,189,602,821,257,352,861,824,879,878,514,894,913,749,102,940,900,537,359,261,533,155,30,35,394,295,270,366,916,82,121,76,278,376,99,399,375,265,268,775,563,730,214,300,744,933,215,527,790,45
117,362,434,952,572,608,902,443,77,411,853,156,615,492,610,557,456,777,719,123,144,547,787,174,10,341,644,706,969,109,811,141,479,36,357,753,222,649,914,673,597,685,546,59,682,47,524,351,838,79,910,386,480,485,257,877,373,842,855,342,338,747,695,306,834,794,748,131,955,559,932,155,395,75,50,375,454,333,16,397,125,68,852,948,876,749,972,364,472,540,545,537,997,520,119,76,2,335,856,971
508,287,135,246,386,274,382,242,321,526,309,582,93,103,124,840,159,644,621,653,3,268,320,731,706,940,39,499,697,209,91,819,220,979,76,742,588,134,963,617,512,645,19,665,323,685,829,878,378,604,257,933,709,735,252,116,572,657,885,568,549,5,601,180,714,554,570,470,877,813,380,982,481,899,994,446,100,674,131,707,266,796,263,677,681,435,385,12,445,538,600,182,168,647,315,296,222,786,324,469
748,799,140,664,355,529,111,797,513,974,353,53,871,723,895,751,253,181,343,658,511,447,686,707,609,106,535,39,108,936,920,486,149,764,33,132,392,785,935,136,41,280,542,65,126,168,642,650,688,817,455,273,266,299,927,277,348,219,473,558,27,616,336,254,606,165,130,230,2,424,603,45,712,944,601,800,248,674,466,641,319,171,5,398,567,176,512,452,982,258,251,596,451,468,591,55,4,201,825,320
793,489,134,218,443,998,479,111,786,865,722,924,895,553,123,76,602,991,681,15,594,276,221,995,906,830,590,172,646,353,644,893,201,928,41,810,229,580,819,547,71,745,973,75,767,33,415,645,682,629,86,707,807,878,565,913,115,1,796,197,88,402,120,642,347,208,446,495,738,437,264,728,89,570,712,664,944,684,494,632,355,931,896,781,958,967,751,265,16,790,693,868,340,655,513,743,117,346,690,507
809,703,136,8,439,313,375,676,886,388,143,35,392,808,985,348,444,22,300,164,607,423,357,571,543,366,651,506,654,245,259,753,21,873,530,72,942,289,728,208,669,425,62,145,896,414,597,629,132,467,800,560,220,768,487,593,932,57,440,137,49,594,106,656,553,326,209,316,700,484,810,147,252,17,321,264,318,74,152,69,921,498,12,895,281,26,155,452,958,40,833,684,740,771,561,24,574,679,690,362
949,625,770,377,742,201,75,457,948,290,353,192,836,449,137,656,292,335,417,854,421,460,668,419,289,850,771,8,437,147,60,855,743,687,133,956,818,433,45,794,430,569,824,136,599,66,982,638,748,180,238,375,512,986,988,319,106,284,701,686,906,336,555,963,613,714,977,132,961,959,754,473,741,834,140,263,338,984,642,856,575,807,803,172,345,187,158,991,424,733,732,339,758,444,511,126,641,233,944,884
541,596,84,234,738,59,848,756,423,674,86,368,985,511,101,809,496,327,739,50,268,695,748,271,310,502,218,598,506,102,501,443,728,191,141,456,612,547,35,667,305,823,453,286,276,73,618,863,639,332,519,917,604,640,34,246,770,187,341,594,926,937,168,316,743,710,831,483,508,233,55,301,350,431,461,664,701,820,790,527,635,446,25,944,955,525,220,561,875,742,753,970,893,582,417,755,131,929,68,366
665,45,51,702,967,619,959,767,663,742,211,277,360,406,392,284,690,163,872,989,359,321,489,357,109,620,783,520,919,343,795,971,566,316,517,587,525,531,661,173,496,564,675,585,597,887,503,240,306,507,484,391,89,773,820,593,715,258,121,884,214,487,836,555,218,938,212,446,421,140,717,905,956,451,764,801,734,288,782,656,22,928,368,969,169,268,469,543,814,47,307,883,711,190,723,108,785,562,985,160
697,401,842,550,525,155,974,997,721,139,34,319,949,755,195,357,249,76,615,939,17,955,355,865,508,594,243,343,156,683,705,471,518,902,217,599,267,975,212,19,275,747,108,8,433,258,993,952,403,513,393,833,133,305,693,289,78,809,86,215,167,673,640,645,944,824,15,533,595,320,547,879,335,812,186,790,446,125,300,730,164,314,551,412,334,42,479,946,246,295,391,797,302,958,793,374,483,724,53,837
3,475,203,232,7,394,996,544,282,51,958,217,483,894,218,364,801,293,124,937,61,565,841,749,121,91,837,851,76,42,67,953,769,895,527,945,500,497,484,382,243,574,599,415,694,603,551,171,48,190,799,717,602,336,358,793,122,277,310,10,632,383,704,909,267,169,805,254,677,613,292,103,459,528,165,341,808,265,356,821,347,726,339,113,400,879,188,579,235,820,812,278,472,299,575,994,431,751,768,326
689,181,17,687,164,304,349,312,728,421,834,395,429,91,757,292,57,496,358,954,492,846,561,929,652,506,896,859,353,844,809,782,285,274,244,23,683,614,322,806,334,592,433,115,688,984,935,87,887,376,469,250,116,319,977,600,650,78,707,732,324,775,664,633,220,465,521,295,221,940,931,69,1,735,793,881,130,370,564,159,435,870,103,767,507,913,299,645,177,750,524,203,125,256,276,915,483,807,215,149
590,550,58,99,690,231,607,740,620,358,783,641,467,827,544,75,738,691,915,316,40,207,416,237,142,815,798,980,35,50,263,619,978,294,110,703,630,363,378,883,221,528,326,233,910,51,67,527,747,995,190,597,509,492,405,777,386,238,118,268,680,364,742,923,576,219,206,922,802,956,253,141,343,876,351,730,105,844,668,396,127,367,247,129,500,623,548,944,486,875,873,174,478,113,659,308,325,634,813,864
633,437,656,591,48,105,45,923,628,323,420,823,250,671,282,985,142,796,644,96,175,724,659,882,498,911,295,440,801,781,693,405,228,797,94,388,522,341,140,378,902,913,807,136,103,490,944,562,614,116,900,358,880,681,410,55,896,573,365,940,973,450,542,883,912,618,563,493,138,352,747,511,7,517,709,666,730,173,8,373,132,139,384,126,982,738,156,418,640,115,289,835,626,18,638,58,67,855,668,787
618,960,878,103,926,696,76,421,728,192,118,739,347,615,512,368,744,569,905,611,825,793,867,125,951,198,233,810,27,1,763,81,606,319,862,771,457,247,2,755,933,208,892,28,501,22,286,574,526,269,429,43,8,135,424,417,995,847,399,182,573,685,760,504,75,162,343,99,520,740,863,243,164,937,722,134,456,557,823,438,742,469,745,72,187,235,86,312,470,95,713,723,751,190,398,524,858,682,92,631
886,516,65,548,620,752,89,286,274,797,709,887,311,838,601,36,756,909,392,154,482,520,689,926,157,733,494,496,860,513,74,690,115,660,256,346,479,970,132,60,519,67,335,285,273,355,298,897,344,500,529,135,541,192,796,106,610,388,229,832,599,944,412,769,208,861,527,535,168,876,59,606,258,611,464,410,185,813,263,892,555,440,173,730,291,945,641,34,71,253,360,874,55,547,866,885,899,517,449,48
475,483,688,486,787,20,842,700,453,101,794,499,478,324,283,223,582,464,410,859,726,444,897,1,980,730,13,361,910,31,581,845,143,35,517,72,864,732,974,98,697,353,196,177,334,242,524,442,998,559,104,741,616,882,875,545,374,699,186,989,660,268,191,202,605,234,169,546,768,824,853,168,576,584,388,277,44,297,64,802,262,737,434,467,997,797,823,19,93,210,111,848,382,556,630,770,327,707,638,145
637,301,372,462,895,940,642,142,968,422,755,740,813,262,839,109,499,289,156,490,36,560,641,670,298,62,2,678,141,478,379,922,258,549,725,639,516,917,376,51,335,476,151,24,57,676,281,373,49,280,166,137,807,354,527,830,293,381,586,129,566,249,147,44,482,782,959,792,747,563,78,64,716,184,415,46,582,505,572,163,73,811,801,279,545,148,531,613,862,896,317,819,891,928,397,921,53,620,401,358
421,726,984,731,17,652,640,896,145,446,822,326,372,527,846,826,748,274,401,567,648,89,74,779,362,616,13,449,174,793,82,865,515,838,514,412,337,591,444,510,649,320,385,926,766,785,949,532,302,618,612,193,717,197,916,834,738,884,397,856,934,561,165,521,50,0,615,727,674,184,244,622,874,152,93,213,752,668,338,101,662,167,286,882,906,195,398,857,964,396,304,579,215,728,713,666,462,715,450,718
594,547,815,935,703,603,233,57,223,779,48,763,27,352,119,200,623,996,161,506,24,724,722,731,859,630,864,915,662,129,75,135,617,69,925,515,847,35,900,711,683,853,227,735,727,374,664,810,716,18,638,396,918,614,185,649,764,584,83,610,31,446,15,845,654,401,464,781,378,871,820,521,398,89,385,585,702,172,983,349,524,453,968,872,998,631,44,340,219,290,365,163,312,575,441,545,271,287,281,240
311,147,922,368,13,333,465,864,429,389,535,376,500,559,300,539,316,28,366,98,655,107,731,230,767,165,278,856,274,547,437,58,992,644,775,372,873,599,840,692,297,675,482,7,653,533,796,386,358,633,426,109,920,81,997,253,777,367,552,457,862,608,850,980,459,634,570,286,226,823,715,276,637,530,192,292,26,809,917,111,484,939,302,200,304,393,874,694,613,270,523,688,171,402,981,875,578,436,3,880
622,457,313,858,201,420,304,682,443,846,926,773,501,945,987,817,684,522,69,703,332,179,554,182,931,215,372,879,614,346,925,667,756,404,900,57,414,578,722,310,866,108,851,264,852,54,199,629,309,369,524,782,504,434,891,169,733,965,624,653,691,857,435,511,114,855,178,611,704,778,146,27,453,557,245,604,44,771,430,31,526,9,981,175,675,952,992,34,896,308,16,686,318,863,281,149,21,643,532,0
317,375,513,917,978,51,511,395,278,422,507,80,600,658,640,772,641,164,4,853,149,736,949,888,779,559,158,135,841,508,441,527,366,329,704,482,786,769,159,610,303,543,624,48,279,175,154,132,286,718,11,415,477,820,399,984,481,334,408,389,238,544,636,163,443,270,833,599,625,656,609,114,885,388,32,760,283,824,230,750,900,585,461,582,323,199,209,228,252,282,486,242,614,661,941,433,470,845,480,91
81,315,437,213,310,364,369,762,252,740,679,715,196,0,579,751,459,461,664,899,341,937,86,990,235,742,560,117,754,167,456,109,660,816,389,625,718,975,516,17,765,908,329,925,871,432,542,29,904,510,512,412,88,819,822,488,644,529,520,494,430,826,158,350,115,706,888,716,688,707,245,63,551,890,45,1,378,636,971,240,422,614,126,759,271,828,394,202,574,116,956,193,385,840,342,509,800,801,21,11
819,957,286,851,577,293,850,234,561,96,327,806,646,509,82,983,400,6,57,835,589,129,124,158,373,919,148,622,143,491,333,375,649,620,159,310,894,418,128,691,996,899,475,527,925,52,135,881,441,882,710,402,891,761,325,5,17,520,737,630,698,9,686,199,192,810,485,817,657,264,386,301,598,382,777,341,551,738,105,849,83,295,616,539,650,748,565,210,339,656,513,808,321,772,300,240,97,270,680,774
39,631,478,24,239,21,693,505,287,143,858,128,55,784,815,789,524,650,165,438,606,677,795,237,895,242,57,247,94,684,944,796,774,391,289,998,553,296,41,835,681,338,649,975,467,969,417,602,571,295,274,220,280,587,152,859,912,1,445,637,642,314,387,469,618,131,646,675,816,992,597,334,557,248,914,252,732,501,485,372,652,904,337,952,760,49,421,558,840,548,139,409,896,251,233,444,873,507,547,658
482,423,382,976,989,4,561,475,770,9,769,621,389,169,934,942,841,463,386,829,677,191,671,270,785,690,715,882,657,196,578,843,318,765,5,704,83,674,730,540,667,242,549,683,853,780,521,90,652,538,130,907,73,137,871,208,243,27,39,911,290,779,581,991,885,781,198,638,88,915,408,277,925,943,215,96,569,749,40,824,952,126,60,579,771,495,265,383,217,721,371,296,148,310,890,612,636,863,706,471
432,313,142,690,627,8,110,126,927,625,910,661,478,240,533,285,977,194,407,295,947,151,327,44,857,703,999,942,844,948,348,520,45,798,933,971,14,37,792,516,603,716,951,773,633,609,712,672,796,337,173,924,955,635,831,426,607,676,380,581,557,574,797,921,24,217,507,11,591,826,402,518,830,637,770,87,184,260,30,698,686,42,650,944,455,616,858,134,352,640,420,525,388,908,16,146,499,648,752,444
335,883,38,214,561,340,737,304,842,785,599,838,978,320,529,201,861,554,315,735,84,308,95,635,98,26,207,846,39,788,323,869,858,28,444,510,760,567,155,136,672,427,232,881,264,4,65,683,621,530,917,284,131,33,451,215,930,423,226,839,777,10,325,843,19,274,905,163,298,389,322,268,208,489,159,739,603,40,730,202,180,701,504,352,376,246,124,828,523,287,845,211,572,362,908,347,841,593,715,652
175,200,62,393,591,204,732,534,788,651,312,129,598,537,208,355,979,765,106,425,542,387,191,172,331,629,58,890,639,168,945,201,539,770,908,967,472,103,231,777,228,165,495,627,159,764,977,394,857,337,237,652,341,56,649,73,154,827,306,408,282,35,162,824,834,292,638,92,262,762,941,813,277,876,304,57,577,183,881,93,438,418,385,131,609,31,132,837,271,515,253,473,507,202,738,779,157,593,348,847
864,527,858,843,839,714,964,206,95,6,679,361,914,522,74,780,660,350,542,985,701,231,467,251,547,321,931,316,625,349,96,186,45,169,508,115,108,106,66,246,731,213,681,646,639,813,448,489,793,236,182,428,65,844,286,667,210,50,745,352,723,433,25,237,460,421,649,340,258,507,464,173,333,19,416,510,98,91,61,81,962,516,439,553,233,689,684,386,967,927,821,491,338,544,570,963,493,378,161,733
190,868,675,391,563,247,315,491,324,53,245,188,883,984,994,720,185,155,873,809,354,767,636,200,607,23,592,910,106,751,860,852,80,9,319,415,144,534,136,775,433,771,291,814,688,801,958,610,831,702,50,623,981,186,514,260,400,911,968,430,969,373,758,621,704,869,915,108,15,367,216,299,225,721,674,246,99,515,684,135,275,160,320,4,906,468,159,577,521,47,757,26,879,121,481,342,100,279,254,752
798,559,802,393,67,852,235,855,929,381,869,281,782,718,761,566,114,835,309,385,629,949,496,939,966,65,868,344,22,872,178,779,390,775,358,644,658,839,312,807,630,149,610,686,256,620,815,165,271,943,14,179,701,540,985,458,645,384,282,26,668,749,986,888,931,280,773,960,978,535,167,923,716,550,613,29,803,599,172,898,225,412,922,608,772,632,920,455,2,84,131,42,240,950,507,679,671,315,728,797
991,217,413,297,871,845,253,733,227,634,767,934,352,251,652,727,226,605,471,189,594,178,219,683,888,698,843,430,28,636,54,127,486,745,725,87,964,769,778,25,442,158,855,462,649,465,588,360,340,321,3,73,965,531,899,632,755,322,771,147,412,258,100,734,128,938,833,326,223,619,992,390,900,908,277,787,611,674,138,658,662,110,274,501,268,584,904,199,82,596,324,795,479,385,420,616,729,835,713,923
702,511,40,484,569,747,207,874,25,559,579,609,332,767,338,125,453,811,938,594,934,891,670,885,160,412,354,278,848,434,801,255,937,903,69,545,342,187,185,32,36,508,576,796,57,647,695,961,323,270,127,319,699,844,785,629,104,727,582,300,135,264,110,87,192,202,870,691,649,440,980,907,632,868,503,237,676,834,463,60,846,561,269,898,909,703,165,146,42,714,592,999,427,55,959,835,420,807,614,766
874,196,965,649,242,421,63,449,770,994,585,675,211,234,424,419,302,790,87,614,192,83,618,844,291,138,134,202,279,280,100,998,269,454,823,379,491,920,261,8,609,122,887,734,487,832,564,478,445,2,851,580,418,328,872,57,410,762,540,657,876,440,25,430,255,286,382,446,366,143,576,431,742,769,316,375,632,13,517,365,692,124,94,556,750,62,783,625,497,411,515,617,598,720,904,637,508,900,796,330
654,889,263,306,311,156,442,191,759,799,999,394,23,171,594,70,771,757,355,895,1,637,694,2,204,948,851,968,864,810,484,705,775,221,523,591,350,866,857,640,478,332,157,700,800,575,766,687,297,296,922,408,538,774,426,612,511,483,708,324,965,953,903,185,66,150,428,709,209,436,651,846,516,747,369,190,819,531,787,522,924,374,466,184,27,17,714,224,69,213,372,616,37,530,444,340,838,733,362,405
702,716,838,168,124,724,403,920,874,551,931,194,477,801,881,177,52,384,56,530,216,259,889,960,907,118,198,685,634,14,781,804,844,51,28,387,279,520,690,785,582,76,643,567,816,605,212,248,441,872,134,411,129,707,458,748,901,42,460,594,290,368,122,315,807,385,242,903,152,905,125,997,638,8,96,842,787,432,514,442,454,932,86,406,250,703,420,883,313,755,407,809,745,988,794,583,202,509,633,709
751,104,431,440,331,575,884,914,569,580,179,228,923,100,717,482,820,565,406,14,140,430,402,562,1,524,189,929,345,486,500,729,327,475,304,535,53,683,763,733,885,344,163,846,450,771,28,38,704,424,10,797,363,330,241,978,66,725,197,436,677,172,589,435,461,13,679,511,202,428,994,868,233,958,970,320,912,999,626,74,882,825,976,23,924,817,694,795,201,960,770,223,149,427,279,651,649,841,647,474
131,733,548,863,81,933,215,992,966,903,108,402,77,713,446,843,18,591,852,299,649,845,619,766,945,274,805,378,835,164,85,23,224,541,438,357,686,718,475,801,404,664,688,530,693,455,914,104,9,158,553,284,246,616,80,996,210,114,34,832,515,916,473,161,923,869,203,600,400,273,578,661,946,701,270,267,653,452,48,89,429,741,233,596,587,825,6,948,324,609,552,604,181,60,26,442,87,582,962,201
351,566,431,273,600,597,325,718,407,328,662,13,315,268,711,95,696,677,314,162,186,968,389,161,552,8,601,321,288,12,25,628,57,783,246,306,764,604,474,464,292,649,159,73,791,214,823,629,244,492,26,132,734,388,338,530,746,90,373,401,571,269,977,200,591,779,133,300,4,363,664,112,578,55,729,301,270,953,704,239,709,667,88,52,345,178,841,361,323,228,885,906,481,925,218,553,3,458,866,285
240,667,43,639,286,471,477,747,366,770,212,372,687,858,233,444,214,331,273,13,33,294,878,931,652,341,95,515,434,610,327,665,174,150,852,842,223,408,445,15,45,928,176,293,339,884,686,681,626,87,517,386,528,739,646,452,222,382,674,563,299,245,332,813,766,585,951,545,508,947,429,158,312,172,173,396,950,138,798,133,822,987,544,285,540,952,320,179,390,910,751,112,304,666,586,731,84,801,976,548
285,722,453,339,510,19,805,738,231,291,666,369,471,242,843,791,705,815,553,257,644,933,802,611,584,717,820,404,497,807,75,281,198,645,138,379,774,989,552,266,627,836,85,391,50,102,592,526,475,814,373,465,604,24,487,473,264,755,188,243,858,715,613,169,548,298,940,702,249,748,976,955,732,426,577,598,255,653,753,156,120,817,482,53,950,997,176,334,703,270,456,83,727,38,559,418,357,81,981,520
509,984,218,900,410,994,810,723,715,149,30,822,240,995,231,524,373,63,353,205,210,529,629,871,645,369,889,546,802,485,598,190,780,894,541,312,735,701,189,342,230,37,143,154,681,272,26,124,947,238,260,483,180,258,362,949,625,667,898,776,837,305,110,273,845,65,379,94,903,651,755,274,448,963,711,340,392,717,301,330,760,433,387,382,455,875,226,821,852,91,866,15,435,713,186,570,793,481,627,233
101,489,912,208,478,864,232,211,565,750,268,451,979,403,555,560,515,623,475,791,933,997,269,455,79,330,438,259,127,817,99,990,267,78,222,36,115,55,696,328,870,353,983,932,617,631,205,601,529,691,235,847,719,788,362,833,485,304,107,971,440,774,600,954,182,697,827,505,652,302,80,452,74,644,869,156,625,516,680,419,495,117,711,800,709,672,420,288,423,316,928,956,960,557,123,671,390,400,71,405
894,546,867,918,189,620,785,463,298,180,981,124,59,733,99,352,279,673,542,167,134,701,117,42,784,937,697,376,329,191,685,417,585,79,490,335,584,799,566,323,434,571,910,295,407,963,157,802,743,202,478,299,137,497,667,83,885,53,58,814,263,923,11,560,2,838,443,662,455,777,486,371,138,239,636,515,737,495,500,178,386,920,37,659,916,212,884,484,856,481,960,804,119,575,170,933,71,901,454,675
449,348,235,13,483,830,563,922,788,992,309,58,107,610,0,711,775,150,468,831,469,967,317,544,897,272,110,865,547,833,801,436,511,410,323,381,169,406,384,576,479,31,161,180,970,582,51,246,240,453,448,407,252,332,995,286,399,105,977,696,139,911,919,154,55,720,677,15,435,72,669,675,700,799,133,953,542,42,952,266,852,889,447,122,634,499,702,793,531,465,64,353,522,645,440,692,490,5,850,848
710,392,649,168,98,118,642,662,738,806,848,87,343,36,729,14,195,424,593,22,10,917,596,253,339,198,498,82,239,631,871,186,85,181,209,475,677,110,633,376,430,717,867,321,487,55,503,629,335,151,330,368,969,494,188,502,238,356,313,780,54,819,656,904,967,588,945,367,773,550,309,529,623,760,79,504,735,909,784,38,916,948,516,450,139,86,727,93,545,639,495,214,314,606,179,955,102,745,185,99
149,163,472,805,370,127,515,965,306,303,74,889,808,513,910,428,702,948,266,409,538,398,115,272,143,971,841,504,68,355,835,526,819,592,229,820,864,520,777,407,313,986,583,169,495,669,190,960,172,244,416,544,0,705,531,377,85,800,97,674,423,550,226,770,309,429,612,256,857,503,643,49,187,315,990,655,992,580,417,219,794,390,753,383,308,199,177,254,317,371,678,373,499,554,31,320,633,473,855,964
455,237,374,498,404,747,157,266,400,512,643,739,205,147,5,74,293,565,863,446,824,200,265,769,479,650,559,319,815,596,1,954,691,800,456,717,803,678,150,926,531,920,315,338,600,88,399,669,746,199,363,767,244,484,10,944,96,290,889,313,383,381,72,274,552,528,367,723,286,109,599,598,951,632,186,903,428,524,110,475,946,648,629,716,689,877,472,806,844,809,921,940,103,505,216,760,304,307,918,728
365,473,753,185,913,235,448,917,894,83,126,280,2,973,47,881,666,353,152,603,830,256,71,97,437,910,236,651,539,646,637,812,681,573,851,741,623,203,940,616,199,759,273,467,892,447,369,477,559,621,762,155,87,498,690,848,643,747,602,272,214,954,15,986,667,398,59,918,721,131,976,53,460,197,35,707,904,548,706,275,867,480,298,526,968,45,390,109,149,822,546,39,553,861,561,949,135,850,921,351
101,364,465,709,407,422,108,762,721,609,509,822,623,911,215,523,88,29,545,888,501,796,548,990,500,939,334,42,940,246,954,879,274,758,543,336,148,477,836,61,635,36,387,715,128,344,301,60,756,469,788,226,685,111,905,327,196,420,479,928,901,918,18,275,397,361,418,615,129,337,488,114,848,98,539,141,284,190,277,870,899,157,53,160,499,263,865,807,578,774,877,791,173,743,306,546,561,194,608,661
86,699,848,687,381,258,681,443,813,50,670,643,851,709,608,857,400,87,732,65,682,225,69,536,471,127,961,840,51,946,546,820,294,437,901,856,652,421,609,697,925,167,370,378,601,3,377,875,162,764,632,342,882,329,340,195,38,497,236,864,986,447,936,480,337,17,956,131,383,619,878,727,590,646,373,606,850,904,998,112,683,172,898,788,979,702,158,152,595,690,745,624,58,300,218,464,728,924,205,138
874,643,802,727,259,838,122,331,759,565,76,816,666,167,137,402,582,317,602,305,347,995,295,85,665,23,657,110,595,260,606,827,620,104,18,828,263,540,577,255,983,414,378,654,304,162,142,479,621,324,974,236,247,781,130,831,31,777,2,537,945,250,459,503,656,702,959,144,126,32,497,118,587,612,770,637,903,116,391,980,217,351,477,140,547,766,203,367,472,435,25,48,342,373,797,198,432,569,301,746
85,843,678,602,292,537,36,581,160,704,748,606,887,740,525,978,474,626,999,400,614,585,569,868,981,720,129,543,188,508,830,527,239,331,392,247,415,945,222,514,35,988,458,406,13,471,286,373,898,509,240,929,750,234,163,516,603,627,759,388,306,746,230,189,558,608,357,412,256,578,879,824,218,422,360,922,574,673,811,643,110,559,547,46,784,223,149,976,284,890,524,502,69,171,796,539,394,672,117,216
820,604,173,59,244,93,706,651,494,336,428,417,919,700,436,649,46,338,297,98,6,119,234,223,958,775,469,132,907,92,116,902,522,386,801,908,430,688,547,342,519,768,204,516,795,227,321,875,770,803,257,723,236,447,946,846,917,631,131,154,595,941,42,936,640,221,202,325,718,398,543,535,918,491,250,824,191,537,812,205,412,758,106,270,399,583,690,455,567,980,793,999,798,80,30,779,243,662,352,784
362,957,500,744,9,385,626,821,16,758,341,650,372,106,61,532,997,771,652,414,484,121,80,140,790,242,390,92,589,971,900,392,522,937,568,502,720,148,785,168,504,13,871,50,516,339,839,73,316,885,375,991,90,281,201,780,272,498,11,24,388,557,926,640,432,449,643,261,747,244,875,820,602,250,467,617,952,565,995,708,295,491,452,323,412,597,188,236,627,702,592,54,792,994,423,544,924,543,561,567
291,235,456,775,599,427,603,925,290,587,364,318,650,927,491,311,95,583,340,951,146,656,675,342,568,431,278,265,284,687,911,909,480,72,75,535,33,328,460,773,11,250,145,212,621,297,901,919,327,293,196,752,584,934,590,980,244,107,965,612,422,792,170,425,854,507,762,301,439,154,581,916,193,572,712,14,268,979,149,473,43,16,601,646,361,56,758,171,379,602,29,413,100,304,234,523,295,336,968,153
513,839,530,919,702,27,923,792,622,651,242,571,920,842,458,65,448,435,664,787,5,468,365,113,201,49,898,734,612,647,276,561,633,541,482,634,261,121,345,592,948,966,806,768,267,104,285,165,772,671,532,553,577,695,80,362,825,46,600,192,694,731,956,196,984,893,324,711,803,884,175,936,947,225,496,137,34,847,636,100,217,952,765,679,760,529,872,320,418,724,913,193,707,4,363,909,77,312,111,54
