left,left,left,left,right,right,right,right
x,vel,angle,angle_vel,x,vel,angle,angle_vel
5.6103797,2.485882,2.746638,1.9479053,6.2852454,2.7427487,3.2471488,2.5520475
0.06953693,0.06778237,0.06742165,0.065398216,0.22335911,0.16884914,0.19526637,0.26710802
0.22705413,0.26005626,0.2847584,0.28676593,0.20131125,0.04910624,0.0965426,0.07961992
0.22499079,0.50435686,0.4914943,0.3333646,0.82497615,0.27583942,0.55998224,0.677125
0.06447831,0.15201423,0.156553,0.31451678,0.35631585,0.08099307,0.27305344,0.58668596
0.40593702,0.39214894,0.40880567,0.9136069,0.3795598,0.5909088,0.39455515,0.13303915
0.38630268,0.39384067,0.3722189,0.33681518,0.30976933,0.24021074,0.2677706,0.17433763
0.34537467,0.31190354,0.2615798,0.24511771,0.7557403,0.26871818,0.3552975,0.46889365
0.16954988,0.15371157,0.1538685,0.111209765,0.3323521,0.24108091,0.27919394,0.3392961
0.3512472,0.48449033,0.44122976,0.68498737,0.5478814,0.19197556,0.24856195,0.32506067
0.08250712,0.06110909,0.043526553,0.02320192,0.26323408,0.04001148,0.037759967,0.01537396
0.28349245,0.31842902,0.27592048,0.26160687,0.6936041,0.28547317,0.3737442,0.4793154
0.10336489,0.12381253,0.1138334,0.114167005,0.2488189,0.17597122,0.24307546,0.38763934
0.42536306,0.5447392,0.42918274,0.54799354,0.30542645,0.32958853,0.29324955,0.5216025
0.355802,0.27925706,0.29623795,0.2767231,0.35541195,0.058363266,0.115042605,0.06111449
0.11307156,0.11124021,0.08115092,0.07901783,0.16169372,0.053494297,0.07105006,0.06634788
0.38430893,0.37970018,0.37931982,0.3423693,0.5164961,0.49267876,0.49896806,0.6219506
0.10990369,0.16118965,0.15339246,0.15011838,0.25100452,0.13794962,0.33289748,0.45492858
0.20275474,0.17719543,0.18069802,0.16209644,0.051507637,0.015727274,0.020136066,0.0089227855
0.03887424,0.060067862,0.06806289,1.4341408,0.06459877,0.07516262,0.006295979,1.014629
0.11567491,0.37939847,0.40188065,0.32879412,0.66733253,0.22559592,0.47603077,0.63922995
0.14713162,0.18554649,0.17592762,0.14644513,0.3296174,0.15344374,0.35684276,0.42196846
0.28733978,0.38108677,0.33834687,0.31130868,0.7259604,0.32867408,0.42909497,0.54619086
0.04900245,0.11125508,0.15322548,0.15510331,0.08699779,0.050426546,0.09900358,0.1013188
0.11625826,0.6765815,1.0893959,0.08129446,0.6699014,0.12970318,0.10968867,0.32664022
0.04976648,0.4278962,0.5633065,0.3849791,0.30073476,0.13603908,0.26049137,0.09455591
0.16910587,0.31370562,0.31277543,0.43177074,0.5938063,0.17627001,0.48546815,0.6134758
0.135757,0.29178983,0.28856018,0.2557056,0.583958,0.23466825,0.37705344,0.51993763
0.0782852,0.17272776,0.18011807,0.18635702,0.003998632,0.0031803965,0.004732088,0.0049177613
0.08051616,0.21202633,0.22064194,0.22931218,0.02980144,0.028021697,0.041383106,0.04139276
0.16339976,0.055933073,0.067788295,0.05912457,6.536288,2.1299753,2.6684604,2.3449328
0.23128638,0.35678935,0.27131343,0.29726774,0.31839067,0.25145262,0.3248904,0.9072168
3.3613715,0.28816995,0.39089113,0.5828095,5.955678,1.2375357,1.3060217,1.9094086
0.18597429,0.34468865,0.25492364,0.3278494,0.23147087,0.25342512,0.32317168,0.94328225
0.19875103,0.29648936,0.30028826,0.28883004,0.15978709,0.11113402,0.1397899,0.091237575
0.37480456,0.36358348,0.3863411,0.2226,0.3442494,0.18366843,0.25607595,0.015986957
0.007312395,0.014841423,0.028407063,0.021146726,0.1469224,0.07752529,0.2451165,0.20861098
0.37504923,0.41042146,0.3577584,0.3041271,0.8033589,0.33705258,0.4397834,0.57482487
0.18772426,0.24213588,0.25368315,0.20258301,0.120430745,0.049436457,0.061920792,0.022278309
0.10503355,0.11423383,0.103892714,0.098824285,0.031597428,0.02686707,0.027469046,0.031747766
0.04615926,0.050722197,0.048376918,0.04709698,0.12731022,0.057337087,0.09773185,0.09352927
0.18336222,0.19360456,0.18084437,0.18883976,0.061495766,0.052133385,0.053375244,0.059202917
0.029116374,0.031141814,0.03027466,0.031178046,0.16948275,0.17403547,0.16214469,0.17797157
0.35785392,0.5248383,0.63143396,0.48583806,0.7275983,0.14130229,0.17465448,0.24240963
0.43918455,0.43506366,0.43420324,0.36398458,0.56417453,0.5389979,0.5477797,0.6760022
0.42941144,0.43909365,0.37427345,0.31154144,0.85649616,0.349803,0.4593249,0.5965681
0.044250842,0.04626873,0.044811737,0.061935283,0.1028909,0.121096954,0.10902853,0.05675763
0.4486032,0.43639237,0.5566485,0.98603404,0.4323988,0.4240141,0.51821536,0.5333332
0.48473573,0.4063783,0.4668544,0.06699163,0.4576367,0.22241862,0.33577797,0.13529144
0.14656092,0.20504707,0.2040013,0.21036993,0.059338648,0.039465014,0.048668973,0.04022032
0.52705234,0.23610154,0.17426094,0.17277652,1.0087454,0.16768439,0.23695701,0.36902994
0.18251969,0.3934107,0.3007527,0.38173857,0.20277157,0.27642298,0.40270343,1.0221344
0.3468262,0.41425264,0.41149002,0.51347226,0.39957312,0.28499407,0.29197648,0.157983
0.44255286,0.5184806,0.5172687,0.57378006,0.58613855,0.40285116,0.38974202,0.13194092
0.17895772,0.6320671,0.63172066,0.6125722,0.29670092,0.5013796,0.50044173,0.1758849
0.1304129,0.16662624,0.15897831,0.13321657,0.29649603,0.15164414,0.32007504,0.42595485
0.2101027,0.25332794,0.22608136,0.17987424,0.60549283,0.18607727,0.33095846,0.44392163
0.11404157,0.10380345,0.104342744,0.102929465,0.10058953,0.03357622,0.04189558,0.028212693
0.08622041,0.10692769,0.100695014,0.088982075,0.22319065,0.25937954,0.23864435,0.24076489
0.04715839,0.123945,0.12607566,0.13490123,0.034271806,0.09495466,0.11050086,0.10340594
0.0034279397,0.004395279,0.004139683,0.0047594784,0.13076554,0.098203205,0.13264337,0.2275191
0.14564627,0.15454464,0.14352727,0.14569315,0.016278274,0.013485021,0.014026245,0.016407706
0.2791555,0.23400323,0.14831741,0.13084105,0.044963002,0.013386505,0.015152811,0.01176065
0.09936386,0.10597788,0.07855934,0.0764208,0.17140993,0.05983017,0.078618735,0.07135431
0.17385153,0.20621786,0.19707227,0.17717898,0.324609,0.23198459,0.31469902,0.49929458
0.52113307,0.12803313,0.08422493,0.12735176,0.31301218,0.015188531,0.06628741,0.07796754
0.5135686,0.4121006,0.3875311,0.4058578,0.72807044,0.12199208,0.17588311,0.18188086
1.5603956,0.67146015,1.3233327,2.0137446,1.5055275,0.4693515,1.1741945,2.14356
0.051186208,0.0523915,0.05151356,0.052282833,0.09048621,0.091922686,0.083464995,0.08078064
0.2734995,0.2684337,0.2697106,0.36847693,0.41407907,0.41404423,0.40635827,0.56529164
0.38511056,0.37710774,0.3656892,0.14945796,0.52473223,0.49693692,0.5331546,0.34647483
0.36894524,0.32858098,0.39672768,0.7381593,0.31524515,0.37219352,0.3168766,0.27383447
0.34370422,0.35700303,0.33137244,0.31196922,0.25298658,0.20832872,0.21590772,0.16548376
0.24537635,0.22143072,0.23591524,0.4209885,0.1460133,0.16623501,0.13657168,0.11839921
0.022380572,0.09470187,0.1253677,0.13438092,0.10612482,0.05037444,0.10201675,0.1186755
0.67625546,0.5164385,0.5967756,0.28543913,0.8582075,0.23932305,0.50492597,0.042759955
0.25803712,0.38459,0.29088572,0.31470355,0.34235737,0.27106768,0.31922317,0.9682842
0.47387168,0.53275216,0.3776255,0.2185542,0.9729416,0.2793569,0.37766278,0.65875256
0.32855296,0.33921862,0.35075566,0.2589785,0.2908944,0.16177636,0.21839862,0.056241233
0.46519563,0.41940218,0.35449052,0.2878504,0.8863492,0.33048546,0.43523625,0.57665455
0.17546417,0.2313494,0.23169492,0.230296,0.050956145,0.061965257,0.113236494,0.11563863
0.31907308,0.323577,0.31285787,0.32456213,0.28861207,0.112881765,0.1880498,0.15844613
0.3174867,0.29603156,0.31160927,0.439099,0.23168334,0.26970673,0.22349958,0.0769442
0.23601654,0.42167085,0.40223554,0.29935718,0.72948694,0.2968123,0.4556439,0.62785506
0.3051212,0.43363836,0.3404894,0.30725852,0.40637738,0.28148732,0.38094932,0.9824177
0.021033343,0.12356271,0.137698,0.14370626,0.37250078,0.15506233,0.27408963,0.3651685
0.18106863,0.30027312,0.34843034,0.33070382,0.22419634,0.06807816,0.13449287,0.09775999
8.593313,1.9697523,3.28642,12.549478,6.079922,1.1996504,2.1029599,8.712315
0.24253276,0.034564044,0.030291982,0.024342187,0.3205121,0.008038113,0.00074617565,0.024931226
0.512115,0.4935562,0.46635592,0.27555794,0.4604382,0.3404202,0.3732211,0.0777026
0.038728602,0.11216622,0.11875072,0.12093952,0.11027272,0.041977607,0.072390966,0.07758791
0.14736107,0.6207954,0.6330352,0.7342819,0.25137013,0.4125004,0.49049675,0.40482435
0.1208568,0.19255868,0.18114889,0.16638319,0.500674,0.17017642,0.30642217,0.40019023
0.35887903,0.4045346,0.35345533,0.3052901,0.7880285,0.3352168,0.43756685,0.5694742
0.05693771,0.22882104,0.21032208,0.18641482,0.24490239,0.28113493,0.3696437,0.43115985
0.1710542,0.16981545,0.17622072,0.37706107,0.0763724,0.09222212,0.08523611,0.06239781
0.11106251,0.18715954,0.17812172,0.16594854,0.4905917,0.1694681,0.3055641,0.3974179
0.18904322,0.23869997,0.21449623,0.17694917,0.5793216,0.18134442,0.32380876,0.43290925
0.29354033,0.23202679,0.19306691,0.15112293,0.708814,0.161288,0.27911162,0.39626595
0.0057445467,0.11775729,0.11912815,0.12612566,0.011662893,0.07431585,0.08768412,0.079013094
0.28049546,0.3219457,0.35684353,0.31809014,0.32974845,0.0851566,0.15625064,0.08214782
0.15759294,0.13228002,0.15739289,0.37258977,0.057288535,0.0646601,0.05727236,0.06890183
0.37740183,0.3568421,0.309331,0.1709086,0.80691564,0.22295159,0.3873648,0.49905017
0.4816417,0.47379488,0.5379843,0.9072211,0.4936797,0.65117484,0.4974593,0.19453806
0.28976342,0.27051803,0.35196763,0.05355785,0.6297934,0.1715467,0.7227079,0.073189795
0.111272946,0.31209046,0.1611564,0.3998279,0.0039038807,0.2825067,0.057918012,1.2697423
0.56570774,0.5794274,0.44550604,0.114765346,0.86397916,0.44204086,0.5734787,0.4858247
0.06437044,0.07892752,0.07609781,0.0808256,0.08624424,0.05416306,0.07159334,0.05915863
0.14079063,0.17265782,0.15425575,0.14086641,0.5010328,0.16163087,0.27278763,0.35817724
0.22957265,0.20355627,0.21957308,0.4044327,0.12925561,0.14647399,0.116513535,0.10725908
0.15609902,0.388931,0.4792211,0.36285192,0.32270333,0.118813895,0.22161719,0.09156714
0.12309934,0.29501656,0.2502314,0.23871183,0.36417675,0.3152636,0.3966395,0.47801042
0.10838249,0.14198032,0.1461104,0.13782683,0.04588841,0.019879915,0.024764221,0.015432313
0.13675746,0.55261135,0.5548319,0.7053221,0.22590356,0.34309787,0.40557593,0.3959062
0.21976584,0.2568885,0.24253663,0.19914109,0.37606105,0.25343683,0.37184292,0.54493403
0.28423744,0.5778998,0.5433684,0.7760204,0.4163238,0.2966194,0.41537553,0.48613912
0.005254209,0.33126634,0.46795654,0.40669972,0.56048894,0.25830328,0.6138085,0.6873374
0.011005289,0.014006089,0.012644164,0.014441901,0.14252153,0.10177838,0.14323221,0.23996694
0.11181135,0.2720465,0.24655631,0.20839624,0.34656274,0.29268566,0.38734826,0.46038783
0.040616397,0.15637153,0.15038864,0.1384199,0.023204938,0.28819057,0.37133735,0.4031928
0.39026034,0.48644966,0.45586425,0.18928444,0.95610493,0.23664042,0.55737686,0.5262766
0.24909024,0.26867655,0.26000452,0.27092665,0.18012166,0.07901341,0.13137808,0.112649515
0.21978568,0.22265509,0.21395606,0.22024313,0.36789376,0.35562247,0.39016008,0.36454535
0.3090361,0.3203553,0.3025083,0.3029642,0.21515249,0.1701613,0.1879361,0.16097975
1.0874375,1.0913887,0.75627035,0.59116757,0.8206105,0.71588314,0.588789,0.2758888
0.20476748,0.21253957,0.30423605,0.93050694,0.23750807,0.05937717,0.49260798,1.100597
0.08204466,0.123523146,0.11371446,0.11514409,0.42478663,0.18410489,0.2353133,0.27853087
0.035278603,0.3277964,0.26653636,0.8814111,0.0915723,0.15281647,0.1410549,0.5581312
0.40063238,0.29583,0.272249,0.29994342,0.31762794,0.080976605,0.12184942,0.08622946
0.3241306,0.29588005,0.31848285,0.29411268,0.34139484,0.06938446,0.13120118,0.0712204
0.62837887,0.30078354,0.25535586,0.5697071,0.6530397,0.14062554,0.14458337,0.18909594
0.28394598,0.40187946,0.367952,0.59845734,0.32477283,0.22252032,0.258512,0.292085
0.4283712,0.4324391,0.4122255,0.353153,0.36487406,0.2693349,0.3185364,0.17781207
0.13132071,0.13523886,0.12713662,0.12802945,0.014104884,0.01713306,0.013178892,0.004257059
0.17035224,0.3204939,0.17884488,0.3686071,0.1453471,0.27018765,0.073426284,1.1851151
0.2199019,0.25602227,0.24032547,0.19013801,0.38142323,0.24269754,0.38301986,0.5271306
0.1285285,0.16408816,0.1478805,0.13673463,0.48510015,0.15961216,0.26908636,0.35132515
0.3215326,0.3161204,0.3164628,0.3047209,0.4603349,0.43766192,0.44063985,0.5522959
0.1660852,0.06185873,0.03845869,0.04449271,0.2612594,0.0040694075,0.018156212,0.03629095
0.07007895,0.10371942,0.09637889,0.09842869,0.12341834,0.039813165,0.06549348,0.07345079
0.13710031,0.19495359,0.17734236,0.17817849,0.51347053,0.22362466,0.2891603,0.35345212
0.19129805,0.26322335,0.27799064,0.20887068,0.14632212,0.061926357,0.07756969,0.023269711
0.082371086,0.12897925,0.12765062,0.13324952,0.03419599,0.025801066,0.03210386,0.025239687
0.03819521,0.050178874,0.03968145,0.03880492,0.1401573,0.06295699,0.09685005,0.12081937
0.26089853,0.3096001,0.27077973,0.25913262,0.6707947,0.28292564,0.36967623,0.470794
0.03073664,0.10654856,0.06972381,0.8512287,0.0018855706,0.0075489786,0.005143841,0.0811111
0.07571292,0.091920756,0.08428437,0.086382866,0.2191209,0.15095039,0.21541557,0.34543896
0.0670598,0.24802934,0.25915962,0.26967674,0.040390633,0.05136118,0.07533719,0.073005915
0.34465426,0.3998154,0.35012352,0.3066433,0.7750988,0.33386937,0.43594316,0.5649363
0.05678889,0.15793815,0.15816379,0.1970023,0.04252918,0.14502674,0.37202537,0.6124358
0.01991804,0.3292378,0.061604157,0.5925224,0.4512614,0.36758977,0.2859601,1.9600796
0.056925997,0.059425186,0.055192977,0.051918603,0.088384554,0.075060874,0.07421565,0.08694392
0.042910274,0.077357315,0.07660528,0.08060472,0.08531369,0.07148957,0.08717032,0.07499645
0.29607198,0.56248856,0.5042426,0.79950476,0.41569448,0.2816493,0.3718049,0.53565603
1.2954341,0.1105338,0.4332429,0.3477951,1.2652091,0.14749362,0.40741315,0.33904433
0.10648231,0.1682584,0.15750514,0.1705724,0.22963181,0.14862423,0.33343464,0.49213785
0.17761622,0.1666331,0.16390693,0.12922737,0.33577985,0.25951993,0.2844116,0.36430928
0.33644333,0.44043458,0.38919243,0.18898712,0.6377662,0.37244225,0.48458588,0.5217664
0.03224372,0.032862738,0.032811835,0.034093603,0.17647257,0.183068,0.16586049,0.17265722
0.25166976,0.20401122,0.29032248,0.78947055,0.18522143,0.2225546,0.20868342,0.35700208
0.35767964,0.3474189,0.29421225,0.2783485,0.25061712,0.29310536,0.19110587,0.010110825
0.20109943,0.27995527,0.22734602,0.20915124,0.46893978,0.28037497,0.35772926,0.44192904
0.05017515,0.049242057,0.04906659,0.049486548,0.09473966,0.09620376,0.083784655,0.07859668
0.022043742,0.11319266,0.1247325,0.12632462,0.10835643,0.045151617,0.077889994,0.080788374
0.29510975,0.5486404,0.5604018,0.64492047,0.5465191,0.24135092,0.34568208,0.25100383
0.2726266,0.24914753,0.26355517,0.38753846,0.17191792,0.202055,0.16173762,0.0747033
0.52686477,0.42053264,0.34553272,0.27890202,0.9462091,0.32271302,0.43005624,0.572049
0.060059406,0.08058986,0.088202,0.07330145,0.26819918,0.14328381,0.25586766,0.23946902
0.04541221,0.08057131,0.07955614,0.08392777,0.08276861,0.06872019,0.08501573,0.070554964
0.14283581,0.20622793,0.19009516,0.16888928,0.5245875,0.1726899,0.31019843,0.40885854
0.46884346,0.41681987,0.37337232,0.2665474,0.39447817,0.41803962,0.28392595,0.13417651
0.17447217,0.17076677,0.17364809,0.14369781,0.03846833,0.01983555,0.035196915,0.037252374
0.3318398,0.3958274,0.3474433,0.30801603,0.76384366,0.33282077,0.43465233,0.56096554
0.3884911,0.56084627,0.56104785,0.5760563,0.5496402,0.44281274,0.443338,0.08788017
0.38921556,0.3772033,0.34624243,0.22350293,0.28228948,0.33387506,0.24145105,0.08295029
0.19373,0.20495781,0.18602726,0.10787255,0.0400886,0.04927677,0.038299456,0.0023894478
0.14935526,0.12724471,0.14941624,0.36326325,0.04945602,0.056155384,0.05019216,0.059770517
0.3284449,0.4313293,0.40216744,0.58806145,0.3828528,0.24978922,0.29911527,0.26537824
0.4146858,0.4424538,0.42718977,0.48823935,0.55049634,0.5596151,0.5864178,0.72617805
0.10124466,0.56280553,0.49467444,0.37483668,0.39519274,0.49439406,0.6267453,0.6945925
0.92804545,0.88548505,0.9297808,1.2151868,1.5749959,0.82145745,1.0229933,1.2379771
0.34668416,0.353217,0.3296038,0.31783015,0.26073256,0.21351545,0.2112264,0.16652139
1.1840788,1.0639803,0.16471635,0.3955198,1.3796182,1.2369788,0.011565939,1.1285158
0.09358916,0.14750221,0.103199124,0.04185518,0.041310966,0.053986996,0.04062312,0.023181703
0.01142472,0.37603045,0.23960821,0.53843534,0.28415892,0.32690206,0.26506084,1.494591
0.57493234,0.24770834,0.025833827,0.30724153,0.52929956,0.13784665,0.056339033,0.25964645
0.31592056,0.4152307,0.4456941,0.24880894,0.32245424,0.2117198,0.27948782,0.027702622
2.4990497,0.9848537,1.5759598,3.6333547,2.1558523,0.7085031,1.2488508,3.2511485
0.3086297,0.43917918,0.3423776,0.32165873,0.40429047,0.29304087,0.368267,1.0121579
0.1343962,0.14117748,0.13540316,0.12138745,0.0031695152,0.00326237,0.0028405525,0.0024290723
0.38042256,0.4920395,0.4655895,0.6120145,0.47435004,0.29639813,0.37916663,0.24348071
0.0834817,0.13362464,0.07813674,0.11153483,0.30706447,0.21815616,0.19001669,0.30475646
0.21899316,0.22938982,0.2152982,0.22408827,0.103640094,0.084081665,0.08956285,0.09571613
0.25126895,0.5352783,0.39459753,0.915405,0.31851938,0.2609497,0.26314297,0.71189165
0.043483306,0.043883152,0.04260716,0.06092588,0.102426186,0.1197478,0.10240182,0.06678407
0.57460976,0.46467024,0.47901788,0.0010129809,1.2611406,0.1675907,0.6560582,0.17064339
0.5813804,0.6082802,0.51293385,0.40555385,0.4873325,0.43506253,0.3959439,0.29532206
1.563912,0.08451939,0.7983767,3.8816676,1.2680042,0.197701,0.74266005,3.0774865
0.22804949,0.20366246,0.22445682,0.3888086,0.12553377,0.14619789,0.12126681,0.08641194
0.3515445,0.3635507,0.34395605,0.33564425,0.26959103,0.20456707,0.2381288,0.18619846
0.31219515,0.30821976,0.31162667,0.30894864,0.4521808,0.44163087,0.4292363,0.5464634
0.31396955,0.43533394,0.33564943,0.32656485,0.40378818,0.2989526,0.34504163,1.030297
0.03852366,0.13978384,0.16908765,0.10409534,0.13952476,0.07016181,0.11105095,0.049292393
0.24407056,0.26161444,0.25115162,0.25173372,0.1372188,0.085651256,0.1312063,0.14024982
0.6154275,0.3551061,0.22952698,0.044558704,1.1981671,0.27184898,0.3564173,0.31935912
0.14412987,0.16578934,0.15955116,0.16577956,0.024605753,0.011830024,0.019370634,0.017536836
0.039605014,0.23618785,0.2403846,0.2422462,0.019915957,0.043273725,0.051909994,0.03945873
0.28634447,0.28029877,0.28100127,0.27949202,0.42811716,0.40574077,0.4069543,0.51055646
0.14864184,0.15288329,0.15364456,0.14988863,0.29456687,0.30676153,0.28789693,0.30330524
0.91290295,0.44212574,0.031750366,0.27105826,1.0519398,0.28950262,0.3021205,0.29392004
0.22398587,0.49867126,0.41219315,0.2770446,0.70343304,0.35140792,0.55274296,0.66957563
0.066705495,0.34648684,0.38530597,0.3450535,0.61741966,0.2145837,0.46584958,0.631991
0.0937707,0.2340226,0.23760027,0.22412832,0.5165833,0.2073105,0.34173918,0.46664655
0.09012801,0.17237219,0.16435179,0.19464535,0.16680759,0.15284246,0.3517241,0.55219424
0.06851284,0.49850658,0.30114162,0.86933744,0.14076933,0.37263107,0.28045663,1.7538183
0.07618289,0.15222846,0.24685434,0.14114004,0.049434036,0.07586168,0.1634312,0.0735497
0.073194474,0.08130804,0.07827929,0.07841324,0.07768923,0.0955933,0.08486451,0.016620591
0.186392,0.20095545,0.20721747,0.1806207,0.07129493,0.026213123,0.033040766,0.014652735
0.11604504,0.117848694,0.11756589,0.11837374,0.26310506,0.2651301,0.25559384,0.26587164
0.36023206,0.30854452,0.37577388,0.7408366,0.29980454,0.335122,0.29895094,0.29972365
0.29117197,0.40386727,0.32770962,0.6791535,0.3227598,0.21042648,0.2369619,0.4000585
0.26234668,0.25264144,0.25518766,0.3492154,0.4033785,0.39838204,0.38907683,0.5451267
0.11624618,0.21595031,0.19909093,0.366829,0.24390653,0.2800327,0.30797836,0.6877545
0.23448399,0.2930835,0.25879782,0.25059524,0.6418269,0.2754252,0.35925126,0.45408088
0.023645401,0.35952324,0.321378,0.29206473,0.21755138,0.38917136,0.48794597,0.5584488
0.22018313,0.34977528,0.29320216,0.25173002,0.5009018,0.32852864,0.4238854,0.5094921
0.21741605,0.23076153,0.22233734,0.21774805,0.10272597,0.06514558,0.09394998,0.107576594
0.13071322,0.18004388,0.17855704,0.1854415,0.03074884,0.020285454,0.02485565,0.021555988
0.0827785,0.08416705,0.105214685,0.06698051,0.30876273,0.12894171,0.27269632,0.22142902
0.056781776,0.63720906,0.6421226,0.8286863,0.09373249,0.3849463,0.5360511,0.5636872
0.07110076,0.08740485,0.079283,0.08348028,0.21342953,0.14709824,0.21169347,0.339745
0.15734735,0.104321904,0.19167818,0.19183822,0.038117625,0.061020657,0.14261006,0.1427804
0.1428312,0.13640611,0.10148488,0.05451382,0.21993929,0.0700208,0.06530425,0.014023654
0.07240042,0.114056796,0.09891303,0.093318895,0.14772408,0.062322985,0.087600335,0.07601532
0.10763031,0.32472068,0.4039151,0.36030978,0.21359044,0.078059085,0.15754268,0.106213085
0.01567405,0.015932046,0.015814882,0.016375124,0.16008879,0.16187853,0.15093142,0.1533083
0.02477729,0.026619928,0.025495648,0.03794436,0.12177659,0.14645253,0.123345464,0.078625716
0.3537393,0.31813323,0.3803745,0.80902666,0.30173042,0.36471254,0.3120836,0.3209271
0.22769777,0.29558566,0.30169296,0.26152316,0.17747352,0.11618827,0.14923456,0.067066155
0.41240057,0.40807515,0.4074184,0.35503697,0.54108167,0.5166067,0.5242563,0.6506442
0.07612124,0.26249516,0.26914418,0.27882436,0.014069179,0.044337712,0.051928245,0.044115942
0.11544704,0.07357488,0.3270545,0.4767994,0.00080745295,0.0014577535,0.010771131,0.015236521
0.104529254,0.15441036,0.16023238,0.14785346,0.03200034,0.014691988,0.018290075,0.011007806
0.31713045,0.31091732,0.28092626,0.59980476,0.24933226,0.2627614,0.18953758,0.28486052
0.06286335,0.08137284,0.058911566,0.061619725,0.10771952,0.04865426,0.06811052,0.08829798
0.13080278,0.17471659,0.16323265,0.15024802,0.2960593,0.14991836,0.33724746,0.43937555
0.36202508,0.2721722,0.25514328,0.014235005,0.5401417,0.36444932,0.37043083,0.2164415
0.18498778,0.18951555,0.18013492,0.18399331,0.07276882,0.028236821,0.047991738,0.045706086
0.3628834,0.338686,0.532017,1.0206163,0.31385088,0.2877955,0.48613712,0.6510899
0.27271867,0.315486,0.30194265,0.22237593,0.4353373,0.2877534,0.43884778,0.58989704
0.29194263,0.30332163,0.28518438,0.29044223,0.19366312,0.1550971,0.1667475,0.15341213
0.19548893,0.19914263,0.19375324,0.17432514,0.06842337,0.039066225,0.060696494,0.06830609
0.31707186,0.30465594,0.28147244,0.3258165,0.22511928,0.22469744,0.18217003,0.07130188
0.21893601,0.21645713,0.2050563,0.21053046,0.12395319,0.043788806,0.074005894,0.07087822
0.17111877,0.12104386,0.07917229,0.06454634,0.14676154,0.037609003,0.051410843,0.056998253
0.20375204,0.2252619,0.19195725,0.062545575,0.0403573,0.051226474,0.03680802,0.011154441
0.20737192,0.3284272,0.356615,0.19644362,0.22420442,0.10048413,0.12706934,0.0052602068
0.0068792105,0.16740882,0.21127555,0.23184448,0.016557403,0.008802234,0.015448998,0.017172992
0.46004626,0.26215816,0.20402421,0.19674015,0.90970725,0.20406507,0.2794285,0.4043159
0.035153255,0.036200922,0.034983795,0.051008746,0.11156559,0.13076127,0.11474489,0.07105388
0.2980078,0.3850267,0.34075567,0.31096643,0.73503006,0.3299436,0.43082255,0.55013394
0.36370164,0.42162317,0.4173132,0.5086684,0.4185038,0.29308343,0.30768412,0.13950214
0.31581622,0.23563501,0.21036857,0.2200769,0.2921373,0.0391844,0.058945708,0.06297934
2.8122492,0.032905467,0.55822587,4.0339785,4.1077433,0.052302822,0.7860494,6.1850953
0.01687251,0.13986619,0.14697179,0.12665218,0.06897576,0.08206403,0.12461412,0.095946744
0.19919355,0.53240836,0.37159234,0.97577655,0.25632024,0.25904205,0.2319139,0.7865771
0.08709738,0.091345504,0.08983566,0.08909273,0.23196423,0.23940448,0.2195076,0.24086319
0.040007163,0.07327004,0.07191346,0.07206572,0.35124466,0.12601534,0.21621463,0.27010852
0.009946092,0.0023564526,0.008284719,0.035879433,0.17179455,0.041875295,0.1502559,0.6743383
0.099766225,0.17108405,0.1793428,0.16039693,0.014269098,0.0069416873,0.008639881,0.0049500247
0.029183239,0.028722001,0.028935958,0.029909462,0.1766732,0.17897567,0.16073178,0.16109419
0.23447561,0.2413457,0.26063216,0.26675475,0.18267854,0.040465612,0.08017194,0.06957661
0.14943373,0.1250607,0.14935234,0.36907127,0.050042953,0.056383125,0.050395273,0.06318639
0.44449705,0.53856605,0.45486778,0.65285033,0.37500846,0.35479277,0.36649036,0.4990378
0.2207182,0.22707401,0.35992232,1.4527878,0.3710569,0.2804541,0.36472735,0.74752325
0.44897985,0.42426738,0.35983226,0.2955956,0.8713788,0.3363218,0.44254643,0.58188987
0.046404533,0.049133614,0.047461122,0.04960271,0.09150836,0.0928905,0.08464105,0.08995807
0.4407988,0.08027114,0.2616772,0.66440165,0.22133999,0.08481328,0.1523551,0.4181043
0.07725622,0.10616978,0.085639834,0.0810182,0.16753173,0.067392826,0.08970502,0.07657112
0.14524011,0.29770124,0.23381175,0.25502124,0.4132907,0.49392322,0.38842747,0.5560285
0.13411516,0.210374,0.19785744,0.31466496,0.48699483,0.12754285,0.31647155,0.54312825
0.2289477,0.24331869,0.23562089,0.22974022,0.11688195,0.06978288,0.11050747,0.12286632
0.32530376,0.5294423,0.52776754,0.6420528,0.563701,0.22578883,0.32450685,0.24846622
0.13683371,0.18607289,0.114172496,0.15375921,0.37894404,0.22807613,0.23217161,0.35746807
0.11258556,0.06452112,0.22394484,0.032172255,0.35254288,0.0609967,0.46863702,0.14844331
0.5161999,0.49227238,0.4731614,0.2667625,0.46550298,0.33831477,0.38573688,0.061754487
0.033394188,0.046477117,0.038223885,0.036884785,0.14128098,0.06611725,0.10395838,0.1284779
0.13859089,0.29378712,0.26499224,0.2168563,0.38974053,0.30058235,0.39845306,0.475327
0.16817206,0.18930727,0.16631415,0.14757091,0.5364555,0.16461596,0.27879316,0.370888
0.43242678,0.39194226,0.44803208,0.07279903,0.39158502,0.20103294,0.29510027,0.11015336
0.23727173,0.27582294,0.27662253,0.259068,0.17396043,0.10503227,0.13530108,0.07341056
0.060980536,0.10080716,0.042940345,0.07670835,0.2794597,0.21572281,0.13460183,0.26236004
0.2709995,0.2708704,0.27024788,0.40483314,0.41129398,0.4161638,0.40972248,0.60100937
0.5109455,0.47148073,0.52839124,0.9020959,0.5125609,0.6224178,0.48999825,0.22500235
0.3905025,0.459541,0.41000518,0.6140708,0.4505735,0.26032627,0.33142158,0.3025012
0.010900016,0.008079719,0.014023809,0.017009424,0.10991447,0.100824386,0.23909013,0.31625497
0.020587986,0.025925167,0.024873663,0.02642896,0.14878906,0.09574674,0.1259741,0.10860816
0.04321503,0.0685239,0.058298934,0.09118083,0.054517694,0.044039603,0.06395442,0.13225228
0.42069113,0.5076397,0.3471468,0.36184508,0.8433267,0.30596274,0.37975362,0.77486473
6.5772614,0.6671784,2.0413568,4.4621296,33.5541,2.7139213,9.901082,22.13595
0.16538092,0.21807306,0.16273047,0.17157114,0.41771597,0.24141878,0.29030654,0.38213438
0.26335704,0.49376893,0.47174656,0.29807866,0.8429977,0.2647948,0.54940045,0.6467225
0.08146413,0.12378277,0.11606244,0.112422496,0.4215855,0.14669648,0.2482355,0.31667528
4.706251,1.9186286,2.120678,1.7289813,7.0336666,2.7636683,3.235544,2.761277
0.13193235,0.18322451,0.18185508,0.18602952,0.032360658,0.022262717,0.027917396,0.020201059
0.22508763,0.29053825,0.25572693,0.09938735,0.094984524,0.10457953,0.08843144,0.049466334
0.39365724,0.41743279,0.36304176,0.30276564,0.8212617,0.33941752,0.44254136,0.58109933
0.3911331,0.36897504,0.39627433,0.23367897,0.36518717,0.18460606,0.27926782,0.020902164
0.18342718,0.3630763,0.27189803,0.3501197,0.2183268,0.26235008,0.35449135,0.97387004
0.35317552,0.24004006,0.19433519,0.14464566,0.7914574,0.15255205,0.26864702,0.3957284
0.08353427,0.06960194,0.05352373,0.05733882,0.19390002,0.038799442,0.06286955,0.079123706
0.48680896,0.4951945,0.37470734,0.53250283,0.46888536,0.48683473,0.29034594,0.12699647
0.44016048,0.39040852,0.4502023,0.79884386,0.4020946,0.4602581,0.38626525,0.2777244
0.07166709,0.11338884,0.042561606,0.0471834,0.36198664,0.35917297,0.13941105,0.21624652
0.09159501,0.15693767,0.15075311,0.16413718,0.19077408,0.1379647,0.33622795,0.5001416
0.29408503,0.286959,0.287619,0.67764795,0.23584649,0.23677021,0.20046397,0.35386124
0.17240608,0.43770242,0.34336102,0.43100765,0.15674675,0.29867828,0.47022986,1.1120871
0.5151081,0.46596068,0.5264647,0.88416624,0.5118036,0.62853396,0.4801045,0.2070351
0.08555633,0.10358728,0.09813501,0.09902206,0.22857384,0.16486332,0.22268075,0.36447427
0.09965597,0.14901902,0.14763197,0.15315533,0.011078585,0.008066607,0.010063306,0.007699488
0.22930527,0.54173255,0.43583828,0.8877346,0.31471074,0.26591474,0.29733914,0.6621518
0.19615388,0.16469577,0.16019493,0.3309874,0.08602403,0.085485026,0.06933994,0.07269069
0.39657658,0.37741023,0.36910754,0.27258572,0.5320072,0.5037284,0.5360292,0.4725207
0.101537555,0.18228094,0.1757214,0.16591674,0.4810295,0.1689444,0.30514985,0.3953617
0.689376,0.7189332,0.5888593,0.28247473,0.58973247,0.5085578,0.4985741,0.18689111
0.12272045,0.26762307,0.26283914,0.42838913,0.48097318,0.15520892,0.41174418,0.6657676
0.20751183,0.29599148,0.24273941,0.21901317,0.4787123,0.2911738,0.37327296,0.45766705
0.01543574,0.014251695,0.01508837,0.018068887,0.12889114,0.08919003,0.111855984,0.1706314
0.04619518,0.08988236,0.08941983,0.093821526,0.07167152,0.063506156,0.07658993,0.06670892
0.34589756,0.57839024,0.5756928,0.6754724,0.51261353,0.38546836,0.43301755,0.28562427
0.1362134,0.15318376,0.13909258,0.20486803,0.5530984,0.08956819,0.22460416,0.37166125
0.077201985,0.39952388,1.3048625,0.31739354,0.021405265,0.74561894,2.3021357,0.45176
0.16948979,0.1695883,0.16373605,0.14249897,0.033623643,0.020147653,0.028331656,0.032426618
0.0092167705,0.55634403,0.23380658,1.3945376,0.03679952,0.27526388,0.0066947937,1.4323281
0.18357855,0.2064662,0.19911951,0.20760904,0.08256555,0.038481474,0.06339038,0.05627648
0.34956473,0.3949711,0.3936016,0.24106947,0.51455104,0.34869558,0.53215796,0.64037174
0.14533588,0.15298735,0.14551358,0.14739755,0.014662156,0.006047123,0.010303318,0.009812517
0.052315995,0.06753178,0.05096026,0.051537313,0.1222575,0.05457692,0.0802249,0.101844385
0.6402563,0.35681692,0.27914214,0.22489141,1.0764668,0.25746614,0.35103852,0.5072692
0.1743261,0.20406213,0.19826019,0.20618214,0.07360946,0.03426723,0.058484897,0.052408732
0.032533295,0.052811757,0.04413365,0.06721295,0.06717384,0.058910407,0.07808708,0.15862368
0.1538203,0.18095967,0.1603166,0.14442658,0.51786435,0.1632745,0.27598095,0.36461502
0.0261029,0.28639114,0.3018256,0.3140576,0.027406383,0.07722062,0.11169769,0.10609919
0.28805256,0.33363378,0.32719454,0.33265364,0.17845336,0.14394903,0.2350544,0.21208066
0.6821791,0.21025358,0.12856588,0.075415105,1.2448351,0.057817303,0.14417672,0.32869256
0.03629888,0.036383282,0.039718747,0.05262293,0.17096874,0.1345038,0.16114888,0.27076364
0.0073959036,0.009426618,0.009055885,0.009509973,0.18914041,0.12276247,0.15899542,0.14421436
0.13317412,0.16021602,0.15538189,0.1608401,0.012877382,0.0062020686,0.010509809,0.009599783
0.46993804,0.4005139,0.34345537,0.13731714,0.90894425,0.2393423,0.41261303,0.49606347
0.48883802,0.6088656,0.61124325,1.0143186,1.5092542,0.45331618,0.9979327,2.4786096
0.36886793,0.53560024,0.5230348,0.6783363,0.6315103,0.22434786,0.30780944,0.29212165
0.44610178,0.25460953,0.68851805,0.7011936,0.07169384,0.17976657,0.85629797,1.0020934
0.3235939,0.3189026,0.2708512,0.25404754,0.73257387,0.2784092,0.3665188,0.4778344
0.21138543,0.26300332,0.26007506,0.26196027,0.088912696,0.08763559,0.15041259,0.1490775
3.330524,1.2202761,1.2926878,1.5345575,0.76450795,0.25969353,0.28110063,0.32857037
0.0680817,0.36301607,0.46604916,0.46661848,0.57521904,0.22155899,0.50836456,0.72231126
0.14821509,0.15038788,0.14307968,0.13813114,0.0027651517,0.0033097528,0.0026634745,0.00077115465
0.35502598,0.33685404,0.32207888,0.3362539,0.35710496,0.11485186,0.18822524,0.16565676
0.27585158,0.29166335,0.28247386,0.29378596,0.22063634,0.093733594,0.15627044,0.13236308
0.27978027,0.2822755,0.27173534,0.2544416,0.4246406,0.40938765,0.44472104,0.42131144
0.55796576,0.4142581,0.39095533,0.59846324,0.7378119,0.20601247,0.2194241,0.17346014
0.12876268,0.067765296,0.06668362,0.06529867,0.18953922,0.03385585,0.045408048,0.025483975
0.25977054,0.271916,0.25414133,0.2610352,0.15215409,0.12716469,0.13149774,0.12707105
0.062434018,0.6280432,0.7041082,0.62888,0.30939043,0.31884658,0.46950525,0.24579069
0.33177885,0.3270972,0.3026662,0.3475085,0.23286234,0.27909094,0.20406754,0.040676653
0.29401731,0.33612114,0.32582167,0.31012243,0.43745792,0.367307,0.42866123,0.6783713
0.030234843,0.117663056,0.110309795,0.107748255,0.02541595,0.08731137,0.12351587,0.13261995
0.16133045,0.5441886,0.5523983,0.7153527,0.39110857,0.23627359,0.31637347,0.35982877
0.39232907,0.5569823,0.5571323,0.56820846,0.5494323,0.43781263,0.44662246,0.07607985
0.11252366,0.15268187,0.1510103,0.15739068,0.00088694546,0.00058119016,0.00070687535,0.0006428583
0.17620078,0.23376782,0.18047369,0.18095022,0.43286562,0.25063968,0.3094427,0.3968747
0.12976901,0.23972458,0.24240509,0.23664674,0.070059426,0.060941778,0.07510805,0.049392253
0.0665295,0.23303103,0.23666918,0.23668125,0.030708065,0.045386028,0.054839768,0.04022918
0.66600394,0.18606293,0.11689854,0.12685406,1.2183986,0.09494733,0.1523769,0.29992354
0.15039909,0.18543237,0.18279755,0.13779745,0.3465808,0.14329447,0.37932405,0.3949152
0.47511905,0.51614994,0.3283767,0.107463166,0.847833,0.3408035,0.49854162,0.58709717
0.87445194,0.1225849,0.039151877,0.24935645,3.758368,0.14712314,0.6398461,1.6561154
0.23042454,0.36820263,0.3289324,0.22679597,0.5172554,0.3340791,0.4415693,0.51732624
0.22126827,0.37119222,0.3130573,0.26446366,0.5050266,0.34383932,0.4437614,0.5295358
0.19852945,0.45828074,0.39405668,0.31454206,0.49047145,0.40890634,0.5250286,0.60728896
0.2318573,0.1637617,0.16574731,0.14828536,0.051456004,0.012323312,0.016162531,0.0061538313
0.02636747,0.028838655,0.02901399,0.025105385,0.23059571,0.10478489,0.1816039,0.17427063
0.44493505,0.5705472,0.6742502,1.0968418,0.24335575,0.38248962,0.78920305,0.20487243
0.0076107234,0.2896838,0.18619496,1.0010535,0.04395902,0.12343428,0.08372481,0.6589843
0.06960496,0.10357235,0.036460638,0.9948123,0.08404406,0.055680886,0.052164473,0.19899152
0.11564697,0.06566748,0.21366128,1.260577,0.056269497,0.08878957,0.14134344,0.807508
0.116867214,0.18258822,0.056602214,0.16042991,0.35088724,0.24768806,0.14440499,0.37526044
0.16615275,0.531805,0.36249977,1.0102289,0.21926013,0.25863752,0.21773611,0.8269972
0.15587312,0.18479547,0.16969773,0.15259227,0.31022137,0.20041148,0.3075423,0.45747894
0.3812455,0.45315668,0.41428494,0.60125995,0.44187576,0.26408106,0.32717514,0.28164452
0.9293179,0.17577058,0.19838382,0.23416406,1.2301872,0.2794617,0.29599983,0.35917026
0.39582783,0.4419964,0.4371704,0.5077938,0.4556003,0.3144573,0.33484757,0.12322331
0.39331672,0.11467659,0.112490214,0.086458534,0.0854737,0.0034380164,0.0068566618,0.005577716
0.5530553,0.19566146,0.06371133,0.2031033,0.5196068,0.10285233,0.081063725,0.18735784
0.29292783,0.26766694,0.1566813,0.11626973,0.06807368,0.023139374,0.021032237,0.011316132
0.15371343,0.10433821,0.052185472,0.05245494,0.19322352,0.0553812,0.062003218,0.058605865
0.2184279,0.24047396,0.23236412,0.24240258,0.13423797,0.060700737,0.100517586,0.08759486
0.21913451,0.28095198,0.24936503,0.24311313,0.6238155,0.2693565,0.35100085,0.44170403
0.3006733,0.3094496,0.33783937,0.30714852,0.33359325,0.0778358,0.14425328,0.077667296
0.18931077,0.14920351,0.15145549,0.057664502,0.0030892717,0.0014317485,0.0021957678,0.0013927966
0.59217364,0.24358936,0.09299172,0.630124,0.98604256,0.005562976,0.057801068,1.2274923
0.26060548,0.21543895,0.31757808,0.74348855,0.19455919,0.22562483,0.22865036,0.33577466
0.4515144,0.5260271,0.5797329,0.8977292,1.5582628,0.3079551,0.9414934,2.5445094
0.32615352,0.2114612,0.3746574,0.08201045,0.90475506,0.06137053,0.98477674,0.49996465
0.007720151,0.0074099805,0.0074138753,0.0076933675,0.14270036,0.10127755,0.122442305,0.17196189
0.14478454,0.16905898,0.1646177,0.17185359,0.02960947,0.017769938,0.023782961,0.017570067
0.17363334,0.2510141,0.25166568,0.2531818,0.110651135,0.07510496,0.09361259,0.069754854
0.05797241,0.068007454,0.057646263,0.04286338,0.08852264,0.08348681,0.078498915,0.0753513
0.15861925,0.16475004,0.15479694,0.16046791,0.03128613,0.026251744,0.02585462,0.030329663
0.3554086,0.40101036,0.39470807,0.36099654,0.49733576,0.42577243,0.4873268,0.7593198
0.5005452,0.39477253,0.43714005,0.26086217,0.55791146,0.13302153,0.23797178,0.002204299
0.28432545,0.26347637,0.2822746,0.44238648,0.19512267,0.22706155,0.19251052,0.09441273
0.042293955,0.09466979,0.09529445,0.097409226,0.13601479,0.050047487,0.084089845,0.09088583
0.59693575,0.010932818,0.18364698,1.3587873,0.42845434,0.13328624,0.32120138,1.82567
0.41548246,0.50919366,0.4289794,0.6572197,0.33293784,0.3311932,0.32761556,0.5223021
0.21315156,0.42393747,0.3619511,0.29503536,0.50264347,0.382663,0.49276835,0.5773135
0.09203819,0.17806461,0.17410018,0.16660109,0.47201198,0.16856894,0.305309,0.39402285
0.07416257,0.06805223,0.05501746,0.05781226,0.18825006,0.04229699,0.06988784,0.086335436
0.045173097,0.18246692,0.18354878,0.245507,0.025404185,0.16861889,0.41187102,0.70559335
0.31393296,0.3234723,0.3295792,0.27724248,0.26933604,0.14528877,0.20699018,0.07836319
0.27052,0.2941571,0.25897062,0.18411925,0.68039787,0.20019671,0.35244954,0.471993
0.18923296,0.23355325,0.2121136,0.15029085,0.04372621,0.057295248,0.04979295,0.053061426
0.02835827,0.0932709,0.07924926,0.08057299,0.06480497,0.06637011,0.095784,0.11043492
0.43917805,0.4474093,0.4330967,0.43294933,0.56781197,0.549744,0.5863483,0.7012249
0.078576036,0.10394104,0.13825755,0.093064785,0.29393208,0.14900923,0.3195118,0.26172805
0.8151571,0.72971165,0.843595,0.6719087,0.09646793,0.27259356,0.32993346,0.29492387
0.20949267,0.28339723,0.28805503,0.2589563,0.15544096,0.10495945,0.13358825,0.06687065
0.1335288,0.14795738,0.14050737,0.106588006,0.004769411,0.0051392745,0.004292266,0.003465673
0.0012381449,0.24402392,0.24908958,0.25369033,0.0065254904,0.04247045,0.050456084,0.04015443
0.14870977,0.37342203,0.33913118,0.7075809,0.20039417,0.19231555,0.20429583,0.40460163
0.260023,0.28316134,0.27371097,0.27740505,0.1575895,0.104479745,0.15472344,0.16665949
0.02687358,0.026099384,0.026416715,0.028475415,0.17551628,0.13134758,0.15492424,0.21944866
0.048024427,0.102620155,0.08842425,0.08800638,0.07209921,0.04990595,0.07549936,0.08869659
0.41606456,0.43719763,0.34505704,0.057155073,0.32238436,0.33882213,0.2310846,0.15998685
0.30072206,0.029585108,0.21031636,0.036394406,0.02396452,0.002198473,0.015762817,0.0003526858
0.18856394,0.09723158,0.052304745,0.045487843,0.2925558,0.050459146,0.03892532,0.019751787
1.8956242,0.29294392,1.233963,1.8783395,0.12396142,0.22625026,0.88164645,1.3522757
0.056162328,0.06042001,0.06474707,0.05070135,0.2719824,0.12167415,0.22166246,0.20427293
0.011642162,0.0982465,0.087104306,0.08690017,0.038095027,0.073669955,0.10636331,0.11932908
0.04445459,0.08601183,0.0828861,0.08505869,0.15028183,0.054278493,0.08872953,0.09604323
0.3465691,0.5776976,0.5777488,0.58688366,0.5068363,0.45515496,0.45293683,0.10642503
0.2939163,0.07565053,0.17518607,0.8906073,0.12025827,0.04674679,0.3056231,1.3300552
0.42212135,0.27259693,0.51795614,0.21268307,1.6642941,0.011962205,0.97164214,0.53942823
0.19715533,0.22891977,0.22578269,0.22209597,0.08052799,0.05778777,0.10343033,0.10795365
0.18760303,0.23241621,0.15582868,0.17249396,0.44819316,0.24126792,0.28379312,0.3807174
0.13720047,0.30021775,0.15263097,0.36791366,0.076685205,0.26909494,0.017178327,1.2262151
0.43216562,0.3276119,0.29627043,0.32146472,0.562508,0.0693397,0.10257491,0.122848704
0.007692435,0.008452667,0.008223276,0.0076061743,0.18261972,0.08294625,0.14134513,0.13681217
0.15473235,0.34224638,0.28221673,0.7343411,0.18885106,0.16893357,0.17012574,0.42808923
0.19374943,0.2729954,0.27676257,0.25506914,0.1366542,0.0952075,0.120297216,0.064931475
0.027962158,0.043341905,0.037848145,0.03386481,0.2267874,0.09762938,0.10760783,0.10117805
0.39336917,0.29054084,0.23651172,0.22332847,0.8155406,0.24176215,0.32361084,0.44180483
0.17914537,0.18184617,0.18123907,0.1730102,0.32678077,0.328308,0.32378358,0.32932296
0.38190758,0.8316796,0.8301233,0.7886145,0.5542556,0.7622141,0.7580391,0.5128082
0.15752554,0.15974393,0.15349127,0.16416268,0.3073265,0.29743683,0.3303083,0.28981596
1.0557553,0.04723437,0.018583387,0.0146588385,0.85940534,0.11395639,0.098648764,0.15302321
0.32996044,0.10883553,0.012624111,0.017420951,0.21983317,0.04184298,0.025562972,0.024329912
0.9734285,0.27656373,0.16252816,0.17356077,0.77516437,0.08465491,0.1386774,0.052054137
0.14974943,0.13625658,0.101759546,0.062455457,0.20833397,0.06224345,0.060060196,0.018621054
0.11040509,0.102020845,0.11044623,0.35198548,0.020159358,0.023389835,0.021742929,0.030956473
0.032352302,0.042530905,0.041471675,0.04194391,0.22597422,0.14907345,0.1850001,0.18414417
0.09251685,0.14575091,0.08272882,0.12279005,0.3201291,0.22496462,0.19328035,0.3188786
0.00856588,0.06727834,0.08339104,0.09191919,0.2809621,0.12844647,0.24347231,0.3206916
0.08656081,0.23248966,0.23574059,0.23427293,0.04052154,0.048344456,0.058757484,0.04183288
0.06426051,0.10636136,0.105150044,0.11038066,0.058194328,0.04582543,0.056863703,0.04593123
0.2718882,0.085439,0.020953655,0.022741579,0.34507677,0.032175876,0.0053944997,0.0036221817
0.077147186,0.5929709,0.5216727,0.54664755,0.14744207,0.37841648,0.5674903,1.193737
0.13233124,0.15866247,0.14566725,0.13973184,0.28207272,0.19132107,0.27803552,0.431236
0.2479754,0.15215047,0.16104296,0.17440411,0.06884212,0.0070022484,0.017375909,0.019068163
0.1968566,0.29062757,0.3103075,0.21053052,0.17940667,0.07821639,0.09819921,0.020262286
0.26566985,0.5503945,0.47070503,0.8356941,0.3678812,0.27241582,0.33562765,0.5904018
0.19384113,0.2644678,0.21215367,0.19963747,0.45817262,0.2701257,0.34229052,0.4267105
0.3038017,0.32119232,0.27567124,0.25961617,0.71319234,0.2838674,0.37254184,0.48134542
0.1133417,0.09484111,0.09486123,0.09414461,0.11782129,0.03637392,0.045411285,0.030943492
0.35707742,0.3540924,0.35742605,0.33780324,0.49302322,0.48264906,0.4709313,0.5982438
0.068472214,0.10964662,0.10414186,0.10201686,0.40154067,0.14120677,0.2396886,0.30386123
0.14365259,0.15429391,0.19344422,0.16135427,0.062057868,0.11788297,0.19969124,0.15286243
0.36115015,0.35845155,0.41787705,0.2616766,1.0772572,0.16201298,0.69295084,0.11970994
0.05178027,0.4613086,0.44276616,0.3671299,0.55997163,0.34577417,0.5790361,0.7136774
0.1947226,0.1840629,0.18836136,0.16806124,0.055442657,0.018271297,0.023236282,0.010504821
0.27766472,0.33311194,0.32949603,0.33434913,0.15634719,0.14042917,0.23896638,0.22443525
0.21284744,0.3210137,0.327317,0.30326754,0.18625365,0.13102084,0.16562942,0.0982123
0.12711193,0.28300408,0.29747605,0.2961881,0.072059475,0.1231176,0.22094408,0.20743461
0.09824055,0.11865358,0.107493155,0.10620282,0.2461379,0.16094391,0.24366917,0.378106
0.30651858,0.54055095,0.42222774,0.8541459,0.38666406,0.26452082,0.3002702,0.63314503
0.3340246,0.31600243,0.2667989,0.25001934,0.74335426,0.2741544,0.3616265,0.47407725
0.26130825,0.47486162,0.5546286,0.5485812,0.27232265,0.3696036,0.69240606,0.86859035
0.11302967,0.46862966,0.42853534,0.3318361,0.612742,0.34487316,0.5628573,0.6928743
0.1584586,0.12516475,0.094397046,0.07449801,0.20417964,0.050723877,0.0537294,0.028990705
0.226652,0.18673258,0.17081581,0.1694713,0.11721958,0.02310016,0.039056446,0.037891626
0.11020698,0.13653383,0.13997021,0.13322526,0.05227889,0.021947103,0.027348781,0.017291386
0.34612644,0.3470856,0.32550824,0.6036713,0.30804783,0.31368074,0.23327681,0.24849868
0.26045725,0.33459747,0.37734818,0.32812113,0.32824934,0.092138246,0.1684061,0.08541655
0.25225508,0.30187,0.30661222,0.35885665,0.39813113,0.36519563,0.40271977,0.68983597
0.3455971,0.6179784,0.5881133,0.6306579,0.5156107,0.8526794,0.7990943,0.6407104
0.2482663,0.3896748,0.43755338,0.1097257,0.30320755,0.1360406,0.1760971,0.061170705
0.23196714,0.3739593,0.3313951,0.6367164,0.26541886,0.19712698,0.21861736,0.33696753
0.13925558,0.110565275,0.068895295,0.067540765,0.1703088,0.0513155,0.06384242,0.060659178
0.3498094,0.4131538,0.40956384,0.5092037,0.40023148,0.2838042,0.2942105,0.15116484
0.5061657,0.45496863,0.44925252,0.43062133,0.6333208,0.18551295,0.30047587,0.20914151
0.4469424,0.41456673,0.5158345,0.8840409,0.42374474,0.41240448,0.4577136,0.4484585
0.030174665,0.3423149,0.4526831,0.3839185,0.19434394,0.08421424,0.17397892,0.11247243
0.19610582,0.34089082,0.30540562,0.22722955,0.47264057,0.3208749,0.42520586,0.50452304
0.105482444,0.11620426,0.105607934,0.10408348,0.02784457,0.024870865,0.024368264,0.028723713
0.3862979,0.3838698,0.3500879,0.60281336,0.34165534,0.3475516,0.2662973,0.24854873
0.13696845,0.48511595,0.34802487,0.94063216,0.058228403,0.33870357,0.38394725,1.6443428
0.09833296,0.11602509,0.11133437,0.11481479,0.042139836,0.020895924,0.034050625,0.031396575
0.2789507,0.32774007,0.3408363,0.25156888,0.23813835,0.14514491,0.19206858,0.052114896
0.13301867,0.27847576,0.23220597,0.22615397,0.37799844,0.3002417,0.37606478,0.45905623
0.10650313,0.14784545,0.15275829,0.14263606,0.03924386,0.01751097,0.02180589,0.013370794
0.044115484,0.05729162,0.04442183,0.04400707,0.13298377,0.05936159,0.089749396,0.1126785
0.09915687,0.10681531,0.10162842,0.10146016,0.051792767,0.022393469,0.038174745,0.036457304
0.5303689,0.49996164,0.45848182,0.23582704,0.4764366,0.36445463,0.35399437,0.03479305
1.8958554,1.3648632,1.8712962,0.66992456,1.7767533,1.1016186,1.6948061,0.3022207
0.09630369,0.11061367,0.0872028,0.07989405,0.074166514,0.0276016,0.04112482,0.05061902
0.112989016,0.1251576,0.12735501,0.123127,0.066652,0.026026048,0.03245135,0.021060226
0.2390394,0.21794148,0.2326236,0.24185729,0.15606597,0.030268867,0.061150573,0.056275815
0.33686256,0.33275747,0.32058746,0.3329865,0.3196931,0.11676117,0.19352955,0.16509935
0.5076612,0.490842,0.43198156,0.66066754,0.73560774,0.19334799,0.265894,0.2594708
0.07892476,0.08277245,0.08067267,0.09361355,0.06834115,0.08094622,0.0730695,0.025631322
0.9491199,0.348272,0.38489497,0.024663463,0.9048544,0.11470636,0.26859784,0.27235818
0.15757152,0.16804126,0.15917386,0.13466756,0.021510838,0.022193037,0.019137096,0.01569127
0.28851926,0.33677435,0.32675284,0.34754753,0.43276733,0.37955981,0.43002933,0.70159066
10.08304,0.4526334,4.9410405,5.04272,4.7763457,0.22306061,2.4340289,2.4841206
0.1137415,0.11871275,0.12033603,0.11716607,0.07586676,0.028362272,0.03537207,0.023242315
0.015800772,0.114651285,0.11557716,0.12170043,0.030481813,0.064673714,0.076847166,0.067927316
0.26425076,0.2570458,0.26512128,0.479411,0.18045697,0.21082231,0.20090666,0.0935145
0.17856583,0.15446721,0.1589612,0.17433636,0.2243776,0.16206558,0.1829445,0.1850649
0.11254157,0.5000125,0.40898162,0.52626395,0.018973798,0.33586463,0.5776682,1.3166325
0.41615507,0.17160627,0.03237363,0.016870894,0.045086518,0.008937712,0.0075982483,0.007163058
0.015319205,0.029162813,0.025571749,0.016162742,0.01869239,0.10257479,0.18111135,0.21848114
0.21723667,0.33048415,0.27523884,0.24009854,0.49485976,0.3149514,0.40590513,0.49113327
0.18344715,0.20903696,0.20475702,0.20966923,0.085543275,0.050211288,0.067778505,0.04633282
0.4536098,0.21563384,0.5258213,0.29505533,1.3014846,0.020830415,1.4764931,1.274085
0.2556293,0.27878463,0.2704607,0.27162564,0.15182292,0.09501096,0.15385139,0.16337104
0.37756822,0.38552824,0.36962605,1.0065224,0.34778005,0.5933267,0.3664952,0.20319848
1.9277651,0.5428835,0.3820209,1.0192995,1.609907,0.3441068,0.06383613,0.13283807
0.06287667,0.10068868,0.09274053,0.095103234,0.13117442,0.04472042,0.07145843,0.07805782
0.15241306,0.20173553,0.1418151,0.16197033,0.4000243,0.23296317,0.266659,0.36794218
0.40913358,0.34593084,0.34591103,0.32645643,0.40289673,0.10662467,0.1696141,0.08370124
0.020225056,0.45949996,0.46478933,0.40869156,0.4958262,0.34949195,0.60243535,0.74431217
0.19468072,0.27908063,0.4368884,0.50356627,0.43471882,0.19088683,0.5001504,0.69836724
0.7440366,0.3213082,0.23812497,0.19171187,1.1992562,0.21487999,0.30005163,0.47027627
0.22322527,0.36875045,0.29300267,0.72547865,0.2505164,0.18708375,0.19224238,0.44185638
0.0129396245,0.011900687,0.012325521,0.014200798,0.13456699,0.09751564,0.11352155,0.16647753
0.12234374,0.06682127,0.12967259,0.5421885,0.050350577,0.046083793,0.04969735,0.15322463
0.008259263,0.048612963,0.055855934,0.058762655,0.178408,0.071115,0.13207781,0.15681396
0.028533155,0.037774503,0.037132226,0.03813474,0.13485615,0.08824524,0.10653469,0.10735327
0.16837108,0.11419381,0.08289325,0.0718695,0.22074616,0.04662141,0.049664523,0.031596743
0.109200954,0.1061378,0.10556304,0.09694933,0.26455998,0.20213702,0.23290843,0.31122887
0.091348164,0.12216239,0.1205654,0.12559076,0.036403403,0.02372222,0.028607544,0.027273174
0.019962188,0.026362527,0.025784539,0.02611437,0.20769325,0.13697961,0.1685044,0.16921256
0.5171145,0.07950756,0.22858967,1.2962639,0.23390067,0.060849875,0.38414854,1.6353148
0.16704865,0.362019,0.29709777,0.7120787,0.20443143,0.17857163,0.18717311,0.4041443
0.34571272,0.3485111,0.3381058,0.3500841,0.33421373,0.122715786,0.2124618,0.18233702
0.33572763,0.3472584,0.33396298,0.43283385,0.475048,0.4638226,0.4994132,0.6458181
0.10512467,0.49322805,0.48333615,0.7077906,0.18067986,0.28491578,0.3305571,0.41220158
0.009967266,0.019361215,0.023986723,0.022093493,0.12923826,0.08443014,0.15600999,0.15995231
0.19413184,0.20584834,0.20621032,0.173029,0.34034002,0.36185232,0.34323138,0.33134553
0.1600225,0.47167778,0.60683775,0.6092145,0.627415,0.29071206,0.6096872,0.81355065
0.2636133,0.09881313,0.110513285,0.12757602,0.016318608,0.0001202838,0.0021623455,0.0030580908
0.5546571,0.47861958,0.48407167,0.038411394,1.2430823,0.17858289,0.64926314,0.22598408
0.40066153,0.47617865,0.47523314,0.5530483,0.50503194,0.3539874,0.3486497,0.15234941
0.28251478,0.31413478,0.30495223,0.3112114,0.18300907,0.12575656,0.20115389,0.19278148
0.2699127,0.3157373,0.30711687,0.23750222,0.4255012,0.30246288,0.41728234,0.62390625
0.018385377,0.022781782,0.02246701,0.021192305,0.21080717,0.11066119,0.17783642,0.17406002
0.17613679,0.13729276,0.1732619,0.47522226,0.08535159,0.08984,0.08219607,0.14449364
0.4532915,0.47523603,0.47033936,0.4970721,0.5168945,0.3490506,0.3778369,0.09420028
0.09404245,0.0925059,0.09369517,0.09607369,0.24372685,0.24626204,0.22590214,0.233744
0.30606326,0.22329302,0.07642153,1.4759148,0.20685,0.06388099,0.020780891,1.0660192
0.24231727,0.2532169,0.23867066,0.24700995,0.13218191,0.105897985,0.115846455,0.11620889
0.23332928,0.15132694,0.2833562,0.8627781,0.16580112,0.15826736,0.20133522,0.45464507
0.013684142,0.017723553,0.015799535,0.018573683,0.14402705,0.10337029,0.1464573,0.24715513
0.44732958,0.41003495,0.43385386,0.9067582,0.42602327,0.6111485,0.4220792,0.12151515
0.34893513,0.29026172,0.53213894,1.0447013,0.288584,0.20852394,0.48770365,0.7198329
0.2703987,0.29550093,0.28828806,0.29945663,0.21694621,0.0921631,0.16012505,0.13643828
0.0046546822,0.006095373,0.0060123256,0.005791094,0.18806101,0.09935236,0.1661365,0.16033605
0.29446846,0.3154059,0.30780837,0.31906688,0.25324208,0.10448782,0.18207392,0.1536876
0.21054676,0.24046008,0.23401326,0.24370086,0.12741174,0.05744093,0.0987302,0.08680267
0.7632832,0.14335261,0.15634027,0.19226824,1.3818558,0.3124974,0.31888497,0.40421683
0.06414769,0.1270921,0.13515723,0.13843387,0.034096148,0.024228655,0.036950156,0.04007569
0.43710288,0.42806393,0.5414262,0.042998374,0.7178631,0.35337764,0.90404576,0.13764492
0.28758392,0.36066157,0.34052843,0.61280036,0.4396854,0.48955238,0.51188123,0.8002914
0.4638304,0.4679197,0.42938218,0.28288022,0.39300752,0.31325203,0.3231709,0.11670825
0.192341,0.6039368,0.59258777,0.79169166,0.30185264,0.330949,0.4667122,0.5024649
1.1439221,0.0055650026,0.12684777,0.555882,0.75935143,0.008155838,0.024534382,0.20731583
0.15277624,0.1486476,0.1441964,0.124688804,0.00856187,0.008694435,0.0072082784,0.0056988075
0.1352786,0.2281096,0.17334615,0.18954898,0.37933075,0.26257882,0.31102762,0.40425044
0.1662944,0.2478754,0.23170002,0.36447546,0.30402732,0.3083642,0.34171277,0.68363214
0.79248774,0.6031518,0.3218547,0.18039985,0.90968007,0.3982761,0.2735713,0.6691116
0.10729354,0.06995546,0.069434546,0.06870857,0.1774594,0.04225609,0.055144638,0.03483718
0.18562171,0.24919179,0.19672051,0.19030046,0.44624963,0.2602545,0.3264364,0.41176778
0.0016835779,0.103924766,0.12206215,0.12307039,0.114194766,0.05364698,0.09420493,0.09571828
0.0574572,0.091300055,0.07790228,0.076101765,0.090300985,0.047142763,0.07368236,0.08951854
0.17963478,0.26406434,0.26728058,0.25078923,0.12028995,0.08664419,0.10881286,0.0621443
0.35421973,0.34925628,0.34921515,0.3257377,0.48978066,0.4665774,0.47129598,0.58937645
0.13798006,0.48647642,0.50121784,0.3870203,0.76138484,0.27845618,0.5564243,0.7083441
0.08327049,0.07754795,0.07730306,0.06649776,0.24416494,0.17270522,0.20646393,0.2707896
0.050717026,0.1327581,0.1687303,0.50774586,0.17907651,0.040861316,0.2948146,0.8584692
0.31485128,0.33076683,0.32260466,0.3338564,0.28432393,0.11372464,0.19832829,0.1668841
0.48717153,0.41600034,0.35007995,0.27979517,0.90777695,0.32494834,0.42824352,0.5725696
0.18306708,0.35508698,0.34387094,0.2822655,0.65470773,0.2643581,0.41524112,0.57491076
0.11093569,0.16220297,0.14848989,0.1500152,0.47281426,0.20555156,0.26464072,0.31920025
0.21452388,0.17067775,0.1734305,0.1557749,0.050110586,0.013830667,0.017876713,0.0075416574
0.198464,0.2008269,0.20003983,0.18824488,0.34600616,0.3464808,0.3451481,0.34665132
0.17053188,0.20176789,0.19811201,0.14114162,0.37703413,0.1575185,0.39699394,0.3912774
0.5250397,0.47360083,0.532672,0.8897198,0.52187616,0.60607743,0.48791435,0.24985582
0.034476012,0.046008125,0.036948796,0.03585096,0.14391644,0.06532306,0.10159908,0.12623733
0.69285333,0.0272438,0.018820137,0.027977355,0.15491807,0.015138783,0.012742239,0.030545749
0.1860697,0.27343953,0.27543235,0.27187765,0.13502446,0.09275107,0.116140515,0.08148995
0.42213058,0.50295985,0.47837037,0.60449034,0.5247536,0.31892547,0.39960697,0.21658367
0.24970852,0.36920738,0.2664921,0.32332295,0.31720567,0.2728663,0.2617362,1.0068593
0.046599723,0.056514077,0.054117188,0.0549616,0.11677064,0.05983646,0.09706689,0.09100568
0.22843347,0.2747733,0.2002476,0.18916127,0.4996566,0.2634642,0.33232516,0.41030967
0.13763255,0.26209235,0.21410012,0.21406353,0.38400486,0.28673157,0.35602325,0.4408114
0.03570053,0.039348826,0.073232025,1.5062709,0.083305106,0.07854745,0.0019004792,1.1509901
0.31363243,0.32064003,0.27380642,0.25724882,0.7226978,0.28162378,0.3701328,0.48025313
0.40038428,0.39826506,0.4013815,0.3599674,0.5314889,0.52100897,0.5098331,0.6449088
0.317622,0.37684292,0.37326092,0.37651518,0.19479793,0.18669383,0.2940803,0.25920302
0.07719592,0.07943626,0.07592419,0.07221114,0.09292698,0.036060527,0.06461452,0.062011488
0.3210385,0.41447023,0.36657363,0.6199728,0.36095423,0.22860384,0.2701242,0.32546037
0.1345877,0.13428538,0.13335639,0.12481226,0.28780812,0.2341277,0.25261733,0.34762013
0.17638718,0.1857827,0.17417711,0.17960656,0.052442938,0.042602018,0.0458557,0.051175974
0.034676783,0.06800057,0.075489335,0.07461518,0.08743939,0.06038628,0.09756966,0.10479885
0.5490904,0.46816838,0.38631636,0.6569914,0.7461539,0.179064,0.24056192,0.26021332
0.10634538,0.16989057,0.051133428,0.14458096,0.34169072,0.25643545,0.1334241,0.35257024
0.35709336,0.54836905,0.44935337,0.8050954,0.4512187,0.2698971,0.3371159,0.56616926
0.15204827,0.31187028,0.3726567,0.34427142,0.22210929,0.073061526,0.14551558,0.10188858
0.20645162,0.3656308,0.43295234,0.3491136,0.3273787,0.1078746,0.19856803,0.08982225
0.21775378,0.44910905,0.47855276,0.44321048,0.21001278,0.3346521,0.56550187,0.38811213
0.11818769,0.1689984,0.15731111,0.15725294,0.26578018,0.14808676,0.32986236,0.4595234
0.14714868,0.19814989,0.19684994,0.19977473,0.052882228,0.03554079,0.044689726,0.031402417
0.27659595,0.37661058,0.33552593,0.31114423,0.71664786,0.3270436,0.42689517,0.54172194
0.09997288,0.11727309,0.09358938,0.09005089,0.14809662,0.05313594,0.07293252,0.066318855
0.5075816,0.24303311,0.5576064,0.73002946,0.25690544,0.17372523,0.5718068,0.8250152
0.13347569,0.057012092,0.24511382,0.013300791,0.39053038,0.035835177,0.5005631,0.11447475
0.016708327,0.01755137,0.016962064,0.01544326,0.17650536,0.07243267,0.1308276,0.12416111
0.37793937,0.50627893,0.48908865,0.424959,0.3934926,0.6015156,0.7356638,0.76083326
0.13130222,0.19879884,0.18504971,0.16733229,0.5118119,0.17120339,0.30790168,0.40391803
0.015911631,0.42734113,0.38685608,0.85290444,0.054455854,0.22309265,0.23576617,0.55523664
0.22012055,0.19150028,0.19377744,0.11332832,0.3843862,0.2737723,0.31875843,0.3522436
0.035945468,0.05136857,0.042664684,0.041201465,0.13474059,0.06434142,0.101347044,0.12491523
0.26557904,0.3713658,0.3320855,0.31032312,0.70679337,0.32491922,0.42406058,0.5364942
0.23647039,0.27145475,0.24063659,0.18259157,0.638269,0.19220474,0.34023508,0.456934
0.06542411,0.083480194,0.0703638,0.07359697,0.15689816,0.049313962,0.07593982,0.08635735
0.17021658,0.32017037,0.20914805,0.33588496,0.1790124,0.25889906,0.19192049,1.0402709
0.061917555,0.08261396,0.07257905,0.075103104,0.15580815,0.04922743,0.078666106,0.089338504
0.24808736,0.25637048,0.24120745,0.2506982,0.13975167,0.116101444,0.11523473,0.11794503
0.090902746,0.11535764,0.09254502,0.08814799,0.15343419,0.05828134,0.07852706,0.06868264
0.33177626,0.34179485,0.33275282,0.34416503,0.3108419,0.11988657,0.20867984,0.17644882
0.3116427,0.52503,0.51896274,0.6468479,0.438864,0.33283815,0.37583396,0.29327208
0.24982315,0.31006604,0.31862998,0.26075205,0.20415199,0.12934354,0.16816007,0.06365419
0.027222347,0.2067171,0.1919643,0.17314486,0.17958611,0.27855855,0.36447442,0.41809666
0.21434256,0.22605275,0.21626422,0.20936005,0.09712634,0.05961836,0.089025006,0.09921895
0.15762258,0.1396017,0.14385964,0.16821742,0.30843246,0.26919773,0.26993722,0.35496813
0.21616206,0.27521545,0.30624157,0.30306914,0.21356079,0.056340054,0.110555544,0.08710629
0.29903314,0.3098786,0.30006534,0.3115335,0.25642717,0.10503997,0.175266,0.14748287
0.17136857,0.22624348,0.2048607,0.17400563,0.5578021,0.17766213,0.3181309,0.42345715
0.37299085,0.46461552,0.43827188,0.59268934,0.447446,0.28129956,0.3450101,0.24370956
0.035357494,0.045880064,0.04439637,0.045439668,0.23006131,0.15102799,0.19095509,0.18416315
0.25283805,0.27119392,0.36881572,0.87950444,0.20466171,0.31875318,0.29168898,0.39300758
0.42021084,0.27877414,0.22300242,0.21217695,0.8525593,0.2264056,0.30559272,0.4264023
0.32411844,0.3510551,0.37406844,0.21795426,0.28726876,0.16566956,0.22595964,0.018695764
1.7025511,0.013291195,0.12902656,0.07553962,2.343168,0.15974686,0.1465243,0.16130748
1.0066171,0.5281935,1.0455909,0.65973794,0.10176514,0.1393684,0.34802735,0.19026926
0.0001859478,0.0002462196,0.00024142333,0.00024590033,0.1780214,0.11711894,0.14278148,0.14401872
0.08951378,0.0987528,0.08617903,0.08829266,0.12811312,0.033950426,0.056387715,0.0670854
0.28497884,0.44247773,0.3517534,0.7623018,0.42338127,0.16776381,0.1825977,0.42122322
3.6717577,0.39547107,1.4920043,0.2583711,1.7759011,0.18055119,0.5236678,0.1830499
0.24733901,0.24026905,0.24140847,0.24838056,0.39181828,0.36916026,0.3686749,0.46302515
0.10562208,0.31262076,0.26940954,0.25257933,0.339072,0.3330096,0.41958892,0.4989159
0.11182393,0.08447798,0.0839928,0.08383393,0.1403608,0.03910981,0.048883595,0.033655614
0.059863094,0.07519396,0.07962927,0.06732674,0.26999873,0.14270799,0.23870239,0.22930637
0.16937464,0.0013731793,0.06033551,0.38945663,0.32527745,0.059326828,0.13387278,0.6933841
0.2982137,0.3202396,0.32664004,0.26889896,0.2534454,0.14478022,0.19188419,0.07090644
0.109679915,0.12427972,0.10067385,0.05074289,0.2399652,0.085856974,0.08606488,0.018406097
0.2622737,0.35439906,0.35888302,0.24890861,0.831988,0.2779048,0.49490598,0.5254003
4.9684086,1.0668926,2.4130018,9.889768,4.1595383,1.0281093,2.1277196,8.190614
0.20784816,0.1991226,0.2061396,0.41684622,0.11401372,0.13151398,0.123990834,0.08611318
0.115511805,0.46338156,0.49874026,0.46389964,0.4085396,0.35670507,0.636979,0.79100865
0.15418823,0.249829,0.2525409,0.24272037,0.09279548,0.07232582,0.08992231,0.05570411
0.19839889,0.23378393,0.21787462,0.18778053,0.35389256,0.23753668,0.35022026,0.5185311
0.08598267,0.1067699,0.10335767,0.10593486,0.05637228,0.028131668,0.04739563,0.044056892
0.0446538,0.05538974,0.049598977,0.053452823,0.1844747,0.12281594,0.18410724,0.2959337
0.14204459,0.24428733,0.24693808,0.23936108,0.08096562,0.06631085,0.082078055,0.052473746
0.16195205,0.21205363,0.210868,0.21213567,0.07284337,0.0479391,0.060455702,0.04118159
0.204025,0.19478586,0.19661672,0.21069065,0.35100013,0.32611805,0.32448453,0.40954587
0.040358208,0.09877069,0.09886353,0.103596434,0.058829397,0.061945133,0.073903106,0.06531556
0.5989615,0.52671605,0.28726617,0.014495626,0.90753514,0.3410438,0.47465718,0.54636544
0.010350497,0.012701897,0.012298081,0.012074619,0.16917482,0.08788062,0.14128499,0.13636197
0.049320757,0.08610542,0.078970134,0.08148466,0.15364936,0.055101983,0.0862951,0.09303064
0.066172816,0.087257475,0.08598806,0.089051306,0.077171855,0.050053917,0.059783828,0.059724454
0.41539884,0.41473472,0.054872528,1.6868556,0.29633743,0.15749866,0.07413615,1.3097242
0.025668923,0.03303656,0.03183934,0.03298247,0.21571147,0.14092597,0.18016005,0.16936465
0.22266796,0.24716182,0.24396256,0.24210657,0.14208373,0.081483334,0.111239776,0.06841653
0.003395121,0.010122605,0.010887278,0.011302739,0.23481272,0.088696875,0.15881401,0.19180343
0.3154743,0.32218945,0.2815949,0.18196936,0.7347609,0.21028018,0.36788955,0.48733526
1.4147435,1.0029688,0.3635548,1.2008935,0.27715647,0.15602297,0.072038986,0.2266734
0.21317935,0.34407774,0.24766815,0.31533188,0.27330062,0.25817025,0.26457378,0.96635693
0.008666471,0.48967692,0.5529505,0.48923126,0.7079444,0.2909284,0.5862812,0.76088536
0.2800267,0.32746834,0.3251564,0.35697752,0.42329845,0.38084635,0.4233985,0.7065371
0.07178121,0.0728464,0.072593555,0.07461834,0.21780653,0.21977949,0.20880206,0.21638742
0.14895418,0.1461285,0.14836818,0.1488848,0.29940784,0.30141795,0.2810133,0.29443243
0.39430735,0.5183475,0.49766302,0.6498236,0.63520044,0.21506195,0.30813122,0.24903974
0.09242849,0.09179514,0.08945061,0.1112968,0.05170788,0.060767807,0.050147623,0.027630806
0.22382954,0.2649889,0.37985668,0.36199307,0.018983297,0.023820518,0.043164097,0.040167406
0.047580436,0.09078689,0.07687624,0.076899454,0.08631279,0.053927593,0.08168252,0.097181365
0.35415268,0.4249032,0.42295802,0.52208304,0.41589814,0.2966437,0.30033508,0.16114095
0.18520716,0.21196066,0.21953936,0.18762611,0.083781645,0.032109812,0.04035368,0.017216682
0.12751375,0.17042118,0.16337383,0.14319488,0.2955312,0.14020932,0.34571576,0.42671013
0.1835411,0.19681731,0.17156662,0.1497294,0.5570706,0.16547096,0.28075224,0.37639555
0.07256313,0.11833209,0.065661885,0.09660221,0.29194236,0.21301328,0.17389639,0.28662306
0.18958732,0.20909034,0.17590943,0.16696906,0.008569268,0.0025932204,0.003964578,0.003798169
0.30881464,0.38865215,0.34294838,0.31024083,0.7441568,0.3309775,0.43222946,0.55377066
0.07850223,0.12491836,0.124164544,0.11425468,0.2166692,0.31519642,0.40160018,0.41658005
0.11761781,0.11752264,0.11375597,0.12917447,0.026452843,0.0312951,0.025591046,0.011509878
0.25486094,0.28936297,0.29125178,0.2652799,0.19729114,0.117155306,0.15198293,0.0759216
0.04204356,0.04339972,0.042774096,0.04312698,0.099747404,0.10422084,0.091602966,0.09001473
0.16278952,0.059331108,0.057289526,0.054651275,0.22246176,0.021504996,0.031581342,0.011000093
0.1941633,0.33736962,0.24946776,0.311692,0.25245222,0.24828729,0.30925143,0.9204964
0.13814166,0.24534762,0.19489314,0.20193043,0.3840543,0.2741543,0.33498144,0.4225844
0.07334459,0.09209809,0.1051314,0.08119492,0.28885278,0.15082353,0.26862687,0.24611244
0.3021281,0.14120659,0.14110725,0.120787784,0.06458479,0.008375136,0.011973018,0.0012482542
0.45699304,0.5394733,0.4548668,0.59092295,0.37554345,0.35711968,0.3482905,0.46577287
0.26454163,0.2846877,0.28420582,0.26715535,0.20163396,0.11262482,0.1562522,0.08165356
0.03336557,0.081468254,0.081216104,0.085470125,0.0725666,0.07630904,0.092038944,0.08027817
0.3718474,0.4453534,0.44407386,0.5353306,0.45014846,0.31926578,0.31912807,0.16009814
0.2640885,0.25871152,0.26221746,0.27282858,0.40734386,0.39588383,0.38295215,0.48920614
0.1537145,0.13232976,0.099912964,0.070256546,0.20193951,0.055761788,0.05660891,0.024167836
0.11412221,0.11166759,0.112740144,0.110507235,0.086978406,0.030893894,0.03853733,0.025635697
0.08155987,0.097304575,0.08339235,0.08625932,0.13344851,0.03890355,0.061908312,0.07145381
0.29729176,0.20489702,0.11716336,0.1077105,0.01155692,0.0030100704,0.003544143,0.003182283
0.19106862,0.23791656,0.23714432,0.2335889,0.112053774,0.0710684,0.090231195,0.05725517
0.21175049,0.20305587,0.20720445,0.2306304,0.357436,0.34196442,0.32967812,0.42880154
0.024770606,0.049962923,0.050132472,0.050822355,0.31916565,0.1158078,0.20048983,0.24818462
0.1969215,0.17217377,0.19540796,0.38067067,0.09394182,0.1082378,0.092138276,0.0827695
0.2736675,0.30782855,0.30047882,0.30518645,0.17014894,0.116829194,0.19368374,0.19436993
0.16661009,0.17800486,0.16519137,0.16748622,0.04076702,0.032657903,0.036019206,0.04116316
0.5385159,0.49968705,0.66169584,0.70833665,0.009024262,0.39382422,0.79701954,1.0208799
0.06752518,0.12878904,0.14056227,0.09796047,0.16749984,0.066813566,0.09716314,0.050448634
0.2887966,0.30175924,0.28451496,0.2913255,0.19026287,0.14677396,0.16872306,0.15739223
1.5072943,0.63957506,0.02082549,0.63677514,1.3145051,0.38174722,0.34752417,0.2801222
0.25785974,0.15472147,0.15581746,0.13768485,0.055407546,0.010672361,0.014363119,0.004301442
0.06474988,0.29984385,0.39480034,0.4146664,0.51485604,0.19883728,0.47349456,0.65194327
0.20155996,0.26505163,0.23661834,0.23243827,0.6023501,0.2612731,0.34001875,0.42566532
0.12941793,0.07708066,0.05749268,0.061802614,0.1938569,0.020396875,0.038722716,0.054145567
0.31811273,0.37129426,0.28527486,0.21129352,0.6082528,0.31944764,0.4189512,0.4703222
0.17282,0.16370237,0.15403625,0.15204972,0.042013645,0.012886633,0.02271323,0.02200764
0.011101283,0.3208253,0.38171872,0.37014806,0.5693773,0.20601344,0.46435595,0.63435054
0.52337855,0.21289167,0.2144733,0.19806401,0.46354997,0.010693323,0.05214025,0.0067076758
0.030196205,0.031223916,0.031704236,0.026116882,0.242772,0.09913778,0.18474115,0.17094629
0.014839524,0.023621155,0.021685382,0.021376403,0.30134997,0.12972394,0.15860942,0.17311855
0.17933333,0.16919652,0.13340238,0.12487201,0.05455498,0.015420768,0.023143936,0.024204683
0.18569249,0.22542879,0.23470138,0.19508952,0.09992787,0.039706588,0.049794376,0.019909725
0.2081988,0.026721135,0.35210764,0.5336088,0.004488401,0.004533063,0.019302025,0.028566334
0.2958747,0.33090597,0.3224479,0.32942188,0.19653367,0.14238082,0.21683174,0.21456471
0.4748885,0.4287043,0.4667831,0.8968072,0.46155834,0.6509357,0.45286566,0.090146765
0.12312328,0.19891118,0.10312786,0.16899584,0.36174387,0.2553475,0.22074248,0.3768568
0.3579464,0.35061982,0.33805352,0.351254,0.35821822,0.12131895,0.20785941,0.18350595
0.20118298,0.37043828,0.20840217,0.41898426,0.18384165,0.2948594,0.06265119,1.3074274
0.1277053,0.12746455,0.12099934,0.117896006,0.021844681,0.0077950316,0.013885986,0.013396569
0.03750583,0.049013212,0.047619395,0.048333913,0.2333946,0.15371831,0.19248387,0.18908753
0.3317585,0.535671,0.81651294,0.45176017,0.17766154,0.18041953,0.36716157,0.1112953
0.19405642,0.20640454,0.20109227,0.19057468,0.07361435,0.043971885,0.071235776,0.078485504
0.48578417,0.7632769,0.7457093,0.5280731,0.2873705,0.7285639,0.9034294,0.8908957
0.26634267,0.29000056,0.27960247,0.284248,0.16594186,0.10679348,0.16735202,0.16971198
0.21190873,0.23293535,0.22675307,0.2230227,0.09842739,0.06252168,0.10302153,0.110178985
6.4257255,2.0880063,3.81879,10.906314,5.4679303,1.6398154,3.1431575,9.387384
0.6709914,0.40873694,0.7758899,0.97716594,0.3902732,0.27073267,0.6816824,0.9695616
0.09096514,0.3420515,0.3659473,0.38171136,0.046050057,0.11683713,0.16372766,0.15599948
0.59237736,0.49030775,0.52004695,0.5527886,1.2258544,0.07711355,0.20021608,0.053142935
0.20684193,0.40805358,0.3861993,0.6435337,0.2663667,0.2230894,0.24695897,0.3415966
0.097920805,0.099168226,0.07887231,0.06295326,0.10337582,0.03040587,0.04339741,0.049160775
0.2463378,0.44235414,0.42763922,0.62407416,0.32132122,0.25439376,0.2860449,0.3131148
0.04162444,0.0519962,0.0527203,0.04740236,0.24411985,0.1289863,0.20960705,0.20505774
1.9234726,0.08365281,0.5234771,0.6384061,1.6268649,0.060009956,0.30035293,0.23771219
0.055765457,0.17859554,0.18810232,0.1869862,0.44763547,0.18110171,0.30754134,0.4150108
0.13019441,0.13258743,0.10091671,0.050061263,0.23180865,0.07810656,0.07339285,0.012944117
0.10932082,0.083884925,0.08849198,0.08034362,0.659718,0.41180485,0.5181958,0.50271165
0.76957166,0.35869315,0.30745667,0.57885665,1.1028206,0.011013426,0.017233126,0.22239803
0.0501817,0.077866964,0.0719008,0.072466254,0.3680245,0.15890577,0.20035288,0.23039082
0.37563604,0.38481218,0.36098248,0.33536923,0.29654783,0.23293763,0.2520794,0.17898935
0.38217005,0.3585418,0.36662447,0.11319416,0.5244434,0.50502956,0.51421565,0.29683563
0.23038891,0.34773755,0.3577426,0.31226885,0.21614183,0.15305199,0.19474232,0.09963544
0.39012754,0.37059134,0.368625,0.3617044,0.3089952,0.35820365,0.28311527,0.021094672
0.17654738,0.207116,0.19322185,0.17453992,0.32769567,0.22890525,0.32037145,0.49269563
0.05158902,0.12630615,0.11913194,0.1098596,0.120392814,0.06249348,0.09135693,0.07699938
0.14548561,0.37609047,0.5558931,0.43230593,0.14557022,0.094786555,0.20542493,0.12559989
0.1658697,0.42181528,0.43107828,0.31439334,0.7251923,0.24018028,0.49531674,0.6519991
0.07865243,0.08239724,0.070499785,0.0726508,0.15620318,0.039873865,0.06639278,0.08008367
0.44959736,0.4631195,0.36209315,0.57501006,0.4155565,0.43616742,0.2767046,0.20722437
0.009649117,0.022415796,0.023148306,0.023743438,0.28090113,0.10347633,0.18151009,0.2222246
0.44969204,0.49580938,0.38409805,0.18714322,0.75212246,0.3928377,0.5151893,0.50629413
0.61246896,0.44828248,0.3393656,0.6548815,0.78369653,0.16607423,0.21645333,0.25625038
0.012080925,0.012448839,0.01222931,0.012750185,0.15450382,0.15746215,0.14185035,0.15436685
0.1900444,0.2005182,0.19824553,0.18335003,0.06765234,0.038310792,0.06692183,0.072885394
0.17652303,0.22522005,0.22420421,0.22334789,0.092476696,0.059704654,0.07553373,0.049752038
0.37977248,0.5008155,0.4677075,0.2111628,0.95846117,0.24496984,0.56719786,0.5485074
0.077677205,0.07588047,0.074911304,0.07339374,0.2310341,0.18183556,0.20018099,0.27485493
0.4305368,0.404463,0.40662736,0.95867544,0.4080143,0.6051208,0.40333518,0.16068311
0.21309638,0.5893507,0.5686068,0.78472924,0.3278236,0.3145562,0.44177973,0.49444526
0.07483353,0.073175475,0.08482808,0.056881417,0.30457574,0.11752292,0.24771175,0.20552336
0.094552234,0.055617817,0.111539334,0.19363758,0.020276707,0.0013951203,0.02120015,0.047875393
0.05441927,0.07938187,0.075025916,0.0814247,0.17878278,0.10794696,0.22646247,0.36375216
0.14478903,0.19901557,0.09489174,0.16189381,0.39219183,0.23438823,0.2059924,0.36715254
0.915233,0.38695765,0.3843254,0.4304338,1.7255151,0.07460858,0.015223548,0.14738715
0.47717875,0.43889135,0.486054,0.89576995,0.47302824,0.68998283,0.46972534,0.053898454
0.22906823,0.24130954,0.2264311,0.23468512,0.11574312,0.09054841,0.10259048,0.10808499
0.0026772171,0.0837478,0.07839373,0.1962403,0.0038358318,0.025438985,0.037341863,0.12195259
0.05665736,0.17718533,0.17748633,0.66798615,0.050161093,0.24064039,0.2780589,1.0227487
0.30558795,0.34996507,0.34239116,0.229428,0.4705959,0.3112086,0.47959158,0.6129002
2.396704,0.2451562,0.40160656,0.9712111,3.0349898,0.15025103,0.29900667,0.72080874
0.15597731,0.21523106,0.19658586,0.17111349,0.53965974,0.17478743,0.31352824,0.41528136
0.2331311,0.48114607,0.34064084,1.1849248,0.043343157,0.19435382,0.13487664,0.8193567
0.31272054,0.31095022,0.30172938,0.2899934,0.45663267,0.44501573,0.47583696,0.45480943
0.11634798,0.23377603,0.22674307,0.3820374,0.45300156,0.13839453,0.36107948,0.6304159
0.9640735,0.2512293,0.15500313,0.12808697,1.461234,0.12898293,0.19754016,0.39850703
0.12966292,0.2109741,0.14676063,0.17727834,0.37085474,0.2533544,0.27973366,0.38668418
0.3864566,0.33259723,0.3113056,0.33069187,0.43700594,0.09802528,0.15526384,0.14989205
0.43276268,0.39590096,0.4524762,0.8315848,0.40180895,0.48545054,0.39611998,0.2669866
0.077527404,0.6258712,0.58743125,0.40860635,0.18941927,0.56755453,0.71546906,0.7543362
0.073526025,0.3661011,0.120795466,0.6585503,0.5838543,0.38508797,0.09315951,1.9951638
0.21293569,0.31272274,0.25858188,0.22927688,0.48740375,0.30263087,0.38921475,0.47399855
0.20130482,0.24622269,0.23420599,0.26666486,0.34284306,0.30048788,0.34599355,0.5860575
0.09965264,0.1559261,0.07763563,0.13206069,0.3307622,0.23438792,0.18153223,0.33170098
0.2643734,0.038142912,0.42231756,0.7172739,0.019354442,0.025303463,0.05835636,0.098965086
0.16067156,0.22845832,0.2281166,0.23278224,0.08570216,0.057543013,0.07136454,0.05610068
0.08174345,0.100731306,0.13450414,0.08767113,0.3000235,0.14931092,0.3090468,0.25219488
0.5987786,0.53507733,0.53931403,0.18352886,0.5751074,0.37548062,0.4735783,0.063188195
0.23528409,0.58117056,0.5543146,0.7778985,0.35479587,0.3046723,0.42892808,0.48484957
0.09373088,0.13584146,0.125933,0.12061579,0.4392358,0.15107784,0.25511864,0.3273871
0.16936344,0.17063233,0.16818506,0.14461565,0.03511058,0.019741178,0.031666487,0.03457185
0.16511716,0.5330909,0.37374666,0.9986009,0.22288753,0.25954318,0.22840357,0.80921525
0.17362261,0.14843513,0.1730483,0.37522542,0.07166844,0.08163231,0.07105224,0.07583918
0.25344273,0.2225748,0.18832251,0.15299435,0.653181,0.16474068,0.28259695,0.39258182
0.4261499,0.45304114,0.57588017,0.97900337,0.41800702,0.47444355,0.5354693,0.48351032
0.08486009,0.2504645,0.22840807,0.19814765,0.29914796,0.2860877,0.3775711,0.44551158
0.27332273,0.39992693,0.3559813,0.21792412,0.5689825,0.35038745,0.46070153,0.52564746
0.2746914,0.30397242,0.30755973,0.26924515,0.22327769,0.1302273,0.17047773,0.07577828
0.1607703,0.22258309,0.20117441,0.20070171,0.5479614,0.23870623,0.30953816,0.38213906
0.24271114,0.18917312,0.20023242,0.21171191,0.12017007,0.018844709,0.039993413,0.039555557
0.18569502,0.42600697,0.36657888,0.6830557,0.8774148,0.3691129,0.59943825,1.8436396
0.04623791,0.04803031,0.046440948,0.06443463,0.09907021,0.118598446,0.09713029,0.060554996
0.029320158,0.13389978,0.13081166,0.11667064,0.103330284,0.068400025,0.10036994,0.08018346
0.073238164,0.072293006,0.060375933,0.06270194,0.17594612,0.0426305,0.07091378,0.086533755
0.178957,0.12074201,0.13894205,0.03067616,0.030691145,0.011721417,0.02161454,0.009945553
0.1868782,0.20522635,0.21934047,0.11968736,0.43484682,0.14168686,0.46152765,0.3063464
0.4381737,0.4946488,0.45963746,0.6047592,0.52713513,0.3030548,0.38623875,0.24723954
0.14480214,0.1719856,0.1596004,0.14816692,0.29541904,0.20091552,0.28952768,0.44868684
0.13380557,0.14574549,0.13695051,0.13443053,0.0026419265,0.0027132365,0.0023647815,0.002290015
0.17678586,0.1920135,0.16935247,0.23589325,0.6291704,0.11388205,0.2542992,0.38812995
1.2382122,0.99847984,1.6598977,0.6773096,0.20717418,0.46644202,0.96217644,0.26008236
0.63900924,0.1083253,0.17471078,2.1458032,0.4936788,0.030541062,0.22490525,1.6285932
0.03341878,0.042997845,0.041642204,0.041854322,0.13281181,0.06894923,0.11558951,0.10904308
0.20915326,0.34116545,0.25508243,0.30127594,0.28224966,0.24722874,0.31103817,0.90637463
0.023730401,0.041601315,0.040932998,0.05398359,0.11350022,0.083407015,0.19312376,0.35052684
0.2675345,0.35297793,0.35396045,0.35392433,0.10894097,0.17297027,0.28987974,0.24202543
0.45732203,0.41498,0.4784637,0.82037896,0.4312316,0.5147985,0.41409445,0.25485826
0.26518708,0.25011843,0.23962602,0.3552376,0.17183457,0.17101884,0.14345735,0.09402803
0.37331223,0.3468712,0.33028883,0.3459979,0.3966257,0.112386465,0.18845809,0.17551191
0.76564795,0.55385226,0.6147766,0.65455073,0.5483593,0.27639633,0.35646203,0.36239773
0.4236827,0.583162,0.31885386,0.24521387,0.47141603,0.40598387,0.2406686,1.1729697
0.26388037,0.3884584,0.30029392,0.3006866,0.3601543,0.2632653,0.34972346,0.9338833
0.26618037,0.4088134,0.36942956,0.61337066,0.31151104,0.21971624,0.26069993,0.3036602
1.5881133,0.02893819,0.24870881,0.0131239,3.7866256,0.7452719,1.402993,0.8007221
0.3631531,0.029012684,0.06769149,0.054023586,0.9887472,0.17074838,0.22851978,0.17768857
0.15165159,0.15409105,0.15367943,0.15060851,0.29913396,0.30110833,0.29380512,0.3031364
0.081138074,0.08719987,0.19843344,0.075078614,0.29619262,0.1122713,0.41653165,0.2254425
0.5474617,0.40118575,0.3266474,0.2641002,0.9688171,0.30512327,0.40857887,0.55296814
0.020085134,0.02213195,0.021108314,0.03155786,0.1274696,0.15424398,0.13323501,0.07825505
0.28065383,0.48424742,0.460948,0.27574882,0.8464157,0.25813717,0.53965914,0.62988997
0.5821762,0.3809919,0.30573982,0.24696109,1.0085495,0.2846097,0.3837121,0.53240347
0.2965207,0.3351396,0.33051318,0.20523766,0.4731051,0.29006696,0.49463016,0.5538239
0.27946347,0.48048666,0.47061795,0.6281106,0.3767537,0.29008365,0.3278284,0.3001026
0.25177205,0.23382786,0.21931645,0.22618291,0.17659077,0.05160463,0.08589378,0.08369566
0.04841034,0.073831014,0.062472723,0.06073151,0.1091072,0.054974906,0.08631681,0.105541326
0.04816291,0.084858105,0.07047369,0.07104688,0.095015556,0.055383306,0.08349862,0.100433394
0.08550495,0.10534907,0.079801455,0.07896275,0.07945233,0.03324481,0.04819379,0.06117151
0.32601064,0.44938624,0.41863215,0.60112727,0.39134228,0.25641084,0.3183186,0.26889342
0.21244606,0.22859399,0.22136047,0.568033,0.3523087,0.37338907,0.363618,0.7624741
0.18217975,0.24575922,0.2207273,0.21852276,0.5773042,0.25114986,0.32633275,0.40599632
0.10544836,0.14623943,0.1342033,0.12707528,0.4551533,0.15454385,0.26063764,0.33640653
0.0365244,0.10604724,0.10636766,0.111525126,0.049795408,0.059615243,0.07116345,0.06243733
0.090514615,0.06831207,0.068155766,0.06784517,0.1756436,0.049849194,0.064218126,0.042949047
0.25410414,0.3651054,0.32780245,0.30866587,0.69609,0.32215813,0.42041457,0.5302562
0.063811585,0.08936082,0.08090331,0.083112925,0.1447749,0.046183933,0.07519087,0.08505906
0.6029281,0.42604995,0.23391192,0.18407476,1.4334214,0.2342343,0.13566974,0.29842353
0.44349033,0.4821449,0.53126633,0.5388075,0.7792673,0.12295249,0.15312515,0.2319299
0.04915377,0.08913663,0.088577405,0.09287256,0.07381761,0.061974976,0.07461011,0.06545177
0.20170937,0.2047323,0.17698713,0.15149853,0.58179533,0.16596217,0.28226298,0.38190943
0.3658861,0.40745735,0.4182806,0.21452257,0.54949796,0.34607702,0.5887469,0.58001316
0.2374396,0.3486039,0.40153545,0.33813387,0.3279741,0.099445835,0.18193962,0.0878869
0.11043414,0.06791034,0.33955848,0.5092471,0.0029777475,0.005683341,0.031867053,0.04671763
0.32000047,0.39218017,0.34511498,0.30923194,0.7536509,0.33189684,0.43345982,0.5573123
0.05465015,0.092976995,0.08964093,0.08881062,0.37837204,0.134393,0.2291409,0.288499
0.15191445,0.13923326,0.14693221,0.38391852,0.056411654,0.063452445,0.05967504,0.06814236
0.17829573,0.18276873,0.17349246,0.15105005,0.04528883,0.027462576,0.039388232,0.04355631
0.12656137,0.13678673,0.13210653,0.08819824,0.0297507,0.035943434,0.03240116,0.00086937286
0.27586168,0.31850117,0.3292767,0.35288382,0.062664285,0.0550446,0.06291356,0.059431218
0.2563588,0.2961728,0.28209525,0.22213036,0.41199517,0.28523573,0.4084154,0.58794427
0.0967861,0.09860193,0.09898721,0.10141099,0.2418366,0.25065333,0.231767,0.24640694
0.19155963,0.536096,0.40130085,0.94864696,0.26132992,0.26175535,0.25890505,0.7430046
0.27606297,0.3464197,0.30920786,0.10936436,0.08964565,0.10017719,0.085064694,0.010342775
0.40253168,0.519293,0.35925108,0.16485034,0.81332666,0.34707278,0.5204015,0.6175798
0.31121853,0.21476227,0.22921722,0.21431771,0.33687478,0.16926828,0.22583771,0.22001497
0.45263764,0.23800509,0.18279096,0.23967975,0.25442675,0.055260018,0.07677376,0.067752704
0.40003723,0.40488493,0.20910464,1.1756227,1.8082447,0.63319856,1.2589356,4.0317435
0.089216605,0.12052724,0.11336996,0.10856891,0.23490635,0.1295105,0.26678497,0.39517415
0.6335906,0.7729425,0.83704984,0.35595348,0.60726804,0.7528101,1.0749394,0.79751253
0.27257913,0.31485963,0.27409938,0.26100934,0.68278027,0.28475764,0.37242255,0.4759544
0.43732053,0.43077862,0.36636195,0.30340636,0.86169076,0.34269905,0.45049533,0.5884765
0.28825387,0.569288,0.5266743,0.7772538,0.41521448,0.28879943,0.40019965,0.49178267
0.024030853,0.03944044,0.032003842,0.045361105,0.08018674,0.076441094,0.090898976,0.17637187
0.20138654,0.28834906,0.32698858,0.31737548,0.22109762,0.06257585,0.12301983,0.09296658
0.16659117,0.25639078,0.25927782,0.24658597,0.10580188,0.07906666,0.09877269,0.058980294
0.2867819,0.40880015,0.31404787,0.31421047,0.376637,0.28187793,0.32697952,0.9987567
0.39337873,0.40233988,0.38848656,0.42245233,0.5275083,0.5118643,0.54788625,0.66315794
2.4874835,0.019238189,1.3379852,2.1684,0.84250265,0.051782586,1.0108715,1.6278293
0.24826303,0.30242908,0.26576084,0.2557543,0.6572771,0.27986264,0.36535048,0.46359852
0.22110514,0.26294437,0.26301727,0.2515034,0.15237004,0.09349419,0.1197547,0.069202565
0.45457417,0.24103379,0.18415649,0.12712583,0.93147594,0.12990096,0.23959291,0.38319466
0.21953015,0.39552808,0.33558756,0.27869597,0.5062391,0.3615457,0.46632934,0.5518571
0.43214178,0.38673168,0.44572842,0.795047,0.39447868,0.48009378,0.38076222,0.24049209
0.0050898343,0.18281257,0.17220607,0.15733613,0.09530628,0.2796227,0.36345547,0.4074614
0.37486878,0.42863125,0.33187518,0.20955357,0.67266184,0.35326013,0.46474287,0.49443293
0.2424899,0.27069893,0.26382658,0.27454832,0.17510024,0.07658813,0.13244101,0.11444813
0.20657474,0.36878982,0.38482952,0.37816966,0.05913554,0.20572521,0.36692923,0.30769828
0.03446909,0.043277822,0.038987003,0.043558683,0.16971728,0.124621235,0.16862595,0.27996552
0.37373686,0.2995122,0.24685636,0.23209503,0.7898132,0.25311413,0.3369689,0.45327958
0.04467675,0.43843755,0.4973365,0.4143424,0.68462694,0.25154424,0.53022057,0.72560847
0.20480432,0.11235712,0.04187247,0.041147158,0.18413973,0.0468994,0.04807707,0.046094622
0.46119875,0.4978943,0.4305597,0.08828752,0.75723153,0.40659362,0.51456285,0.46464366
0.31460282,0.30866826,0.27264392,0.27953798,0.20794326,0.21795356,0.1646331,0.054569982
0.29169208,0.25490195,0.24751565,0.39157718,0.19569033,0.18600902,0.1576154,0.12100515
1.1256945,1.2076979,0.27563667,0.54585826,1.3115852,1.4272714,0.15539947,1.3473685
0.9604986,0.09406306,0.12020448,0.018772304,0.26137832,0.016826965,0.001436878,0.016739283
0.16622347,0.3164459,0.2843694,0.223357,0.43102032,0.30988038,0.41097963,0.49016756
0.14917251,0.034654364,0.5060908,1.18309,0.06398928,0.044090584,0.4404198,0.89363635
0.028764125,0.11113716,0.11173091,0.11731233,0.041207362,0.060330804,0.071934946,0.063085586
0.18945329,0.19182283,0.19701976,0.17414194,0.061966565,0.021688964,0.027444154,0.012400914
2.045528,0.17276984,0.4039613,0.26504934,3.1275015,0.5096453,0.61645675,0.11581373
0.03236439,0.035991967,0.034512147,0.04708209,0.11589952,0.14124171,0.12518275,0.057223253
0.6267369,0.6752499,0.5740455,0.4533986,0.5660739,0.4828179,0.50994396,0.27616847
0.22422893,0.21332505,0.18266292,0.15275219,0.61275303,0.16589393,0.28310758,0.38743582
0.21067032,0.22260904,0.24063404,0.11678183,0.472144,0.15648347,0.4959485,0.28320545
0.11195302,0.13122968,0.13403401,0.12860946,0.058805984,0.023853643,0.029734518,0.019052977
1.2786305,0.049900904,0.76124424,3.6018884,1.1427779,0.19598767,0.7820802,3.0915735
0.3582859,0.30648842,0.25503355,0.23922178,0.77072394,0.2618491,0.34724462,0.46208557
1.6381719,0.7258276,3.2680283,4.311366,0.22547516,0.49315184,1.2170635,0.71706575
0.040811494,0.06517782,0.05510761,0.08034621,0.059528187,0.05244746,0.06855478,0.13592553
0.07522387,0.07814167,0.075469755,0.07751028,0.06325398,0.06471084,0.05628471,0.057565123
0.25621998,0.3768575,0.39304474,0.30612764,0.2535653,0.1779796,0.22890401,0.087231666
0.10234985,0.16200055,0.16891152,0.15368254,0.023822887,0.011253371,0.014006398,0.008245074
0.38893676,0.38726884,0.45511517,0.83756536,0.3627587,0.48738897,0.39191678,0.2602573
0.82318515,0.5360294,0.68205494,0.51027286,0.79695785,0.32067713,0.4972698,0.6675763
0.77565163,0.61568123,0.5618319,1.0407854,0.20332485,0.1796345,0.1498886,0.15229169
1.131941,0.029213294,0.06380202,0.017552763,1.9301126,0.14126012,0.121242076,0.079538465
0.35476613,0.31173283,0.37292802,0.7354158,0.29588106,0.35723478,0.2959735,0.2629699
0.0819537,0.40242854,0.3699645,0.33022195,0.05801505,0.44825095,0.55748343,0.6162884
0.06112048,0.11080201,0.097129434,0.09018956,0.15084389,0.06950629,0.096620865,0.08084248
0.26444843,0.31113386,0.30194297,0.32592905,0.40848392,0.3580938,0.4064148,0.66988367
0.16783558,0.5019934,0.43552077,0.33936775,0.46154362,0.44358253,0.5668236,0.64438105
0.075999506,0.33293062,0.29173148,0.26926678,0.2956199,0.35585555,0.44790554,0.5240526
0.67328066,0.93753654,0.6222954,1.4140869,0.24276157,0.35266596,0.22364545,0.56391644
0.117948025,0.672341,0.8912915,0.65023345,0.4557076,0.27307332,0.5176795,0.23572049
7.9276633,0.18235195,4.2271876,3.4090524,6.0871353,0.09566388,3.2181585,2.607287
0.2707055,0.3205819,0.242065,0.20289594,0.55181634,0.2896921,0.37558335,0.44111276
0.041128226,0.06057521,0.050794344,0.04918443,0.12394235,0.060644213,0.09546607,0.117262766
0.4092277,0.41357478,0.15991098,1.163055,1.7922523,0.62037194,1.065733,3.8729444
0.005269454,0.0068885665,0.0060709035,0.00729328,0.12214988,0.08466971,0.12521395,0.21269958
0.03515371,0.046716146,0.04770719,0.043384314,0.23243749,0.12425989,0.21082401,0.20373975
0.22300428,0.34436116,0.2459077,0.30999237,0.2850445,0.25885448,0.240255,0.98366046
0.24817201,0.24976024,0.24170217,0.25112808,0.39658973,0.38964194,0.42019898,0.39039695
0.43656763,0.40889242,0.4437906,0.8836787,0.4173819,0.6219499,0.4248174,0.09205212
0.27378467,0.49733722,0.39391696,0.24111101,0.7339631,0.34580702,0.53658605,0.6501298
0.40795138,0.25585523,0.26659516,0.2502387,0.38530147,0.042035554,0.09254289,0.043843195
0.21961024,0.25122604,0.24558082,0.24574089,0.10716023,0.07631847,0.12812333,0.13203478
0.11689944,0.23615628,0.23894599,0.23473036,0.05984786,0.056166433,0.0689228,0.046537817
0.2058309,0.25040317,0.24997804,0.24296816,0.1318919,0.08225519,0.10485989,0.06375251
0.1054108,0.12608652,0.12214806,0.1290056,0.027259432,0.016728107,0.022236634,0.017466718
0.040859867,0.087327436,0.08697036,0.091358155,0.07163417,0.06818846,0.08229244,0.07153635
0.2398201,0.22015178,0.2242563,0.34938753,0.3809797,0.3643384,0.35415187,0.5460823
0.116145134,0.16696487,0.16556622,0.17060739,0.011086832,0.007831284,0.009794824,0.0072904546
0.10281262,0.23367429,0.23665103,0.23382506,0.05009651,0.051962454,0.063473545,0.043986205
0.19699973,0.054560438,0.01285027,0.041692678,0.40790427,0.06877218,0.03611239,0.025814295
0.5485091,0.48716444,0.5018343,0.42092872,0.67984307,0.21612257,0.37735623,0.17120571
0.11684661,0.15536094,0.14126356,0.1321941,0.4699635,0.15726623,0.26505786,0.34410954
0.11612779,0.10287267,0.06756829,0.06671471,0.1828883,0.058817856,0.07365498,0.06848331
0.19922478,0.21941349,0.21578005,0.2080279,0.082586855,0.0507942,0.0895679,0.09582792
0.29383144,0.32049137,0.27640373,0.26109892,0.7036221,0.2851579,0.37375784,0.48106492
0.5961789,0.16177943,0.44704893,0.50706106,0.046802886,0.027639791,0.09581444,0.11075061
0.032892033,0.04474812,0.03639845,0.03517122,0.14430378,0.06640432,0.1039933,0.1288424
0.3718624,0.33529627,0.1271316,0.019198388,0.09209348,0.037571922,0.016820418,0.007366689
0.088548586,0.090085216,0.08670969,0.106556445,0.055421464,0.0664895,0.052301586,0.027953167
0.070202835,0.06966503,0.067935504,0.090512104,0.074379474,0.08705771,0.07222223,0.045305163
0.15404487,0.28295314,0.34888774,0.35087064,0.39521557,0.13910219,0.27486148,0.27887413
0.18300505,0.21827514,0.2187129,0.14598605,0.38043964,0.17328662,0.40575892,0.42288214
0.10197152,0.49315435,0.51977134,0.42076704,0.7511045,0.28498876,0.5704497,0.72623193
0.19749704,0.51581615,0.4339928,0.40403053,0.18433896,0.28089735,0.5280752,1.2424808
0.31251132,0.4530733,0.34277353,0.35864604,0.39118108,0.3154616,0.31381786,1.117243
