x,vel,angle,angle_vel
-0.6194466,-0.38459924,-0.0018146953,0.19948646
0.021511514,-0.19779909,-0.053869803,0.090511225
-0.81232905,-0.39450526,-0.01414887,-0.0909413
-1.0589291,-0.71699464,-0.005765979,0.29487488
-0.29358923,-0.56260383,0.002792809,0.21906823
-0.021469794,0.37283653,0.013318405,-0.46280712
-0.032729078,-0.18869118,-0.043306876,-0.1106412
-0.73596007,-0.3770669,-0.0028325093,0.13783103
0.025565375,-0.19926387,-0.052608356,0.122866504
-1.0326695,-0.340216,-0.025660587,-0.24948438
-0.24645281,-0.52812415,-0.025366219,0.14013678
-0.80300075,-0.37663227,-0.005773707,0.12824486
-0.0057233176,-0.3596189,-0.05246537,0.17887114
-0.02335495,-0.16235572,-0.048546214,-0.16149378
-0.76798874,-0.34566244,-0.008259278,-0.12927152
-1.2153436,-0.5208505,-0.008359962,-0.020368362
0.029172964,-0.04004423,-0.016474668,0.11307187
-0.2005589,-0.563141,-0.012233463,0.230943
-0.7993698,-0.18154621,-0.0025007448,-0.1636481
0.020587794,0.000871256,-0.04715452,-0.17626522
-1.092879,-0.7277862,-0.02915739,0.2771093
-0.15184423,-0.54424477,-0.016447712,0.23979178
-0.870635,-0.38201803,-0.0069542364,0.14254873
-1.0484899,-0.52195704,-0.0058468273,0.0040424056
-1.4492987,-0.32369062,-0.0025805924,-0.35800526
-0.90951544,-0.34357736,-0.009518276,-0.17527062
-0.34809536,-0.5446893,0.018261505,0.24958672
-1.0137601,-0.56157446,-0.03956661,0.1965339
-0.60770315,-0.3503723,-0.03040995,-0.025380889
-0.6256115,-0.3494959,-0.02576648,-0.044717856
-0.6695007,-0.400926,-0.030024396,0.050729375
-0.123853795,-0.5952181,-0.024704497,0.32521164
-0.7397899,-0.32905656,-0.00030424868,-0.23963533
-0.18349244,-0.59396356,-0.005020242,0.29741704
-0.5797102,-0.20999838,-0.01455906,-0.14946271
-0.39172095,-0.18525377,0.01337902,-0.18638827
-0.55912983,-0.35360292,-0.0216735,0.04590721
-0.7908142,-0.38328034,-0.009703506,0.17040166
-0.8662577,-0.18044958,-0.008811427,-0.18784449
0.013582701,-0.19469552,-0.060345847,0.021951362
-0.3166991,-0.37647384,0.031040126,0.020250222
0.018763464,-0.16846022,-0.05789839,-0.026695853
0.04825802,-0.034558635,-0.042127483,-0.007963532
-1.3584191,-0.32454348,-0.0052672913,-0.33919203
0.02461083,-0.040831376,-0.014676881,0.13043538
-0.76429516,-0.3836662,-0.0017125132,0.17890327
-0.008712764,0.15511289,0.025951238,-0.18047202
0.00919837,0.0052381973,-0.055437636,-0.27279896
-0.38041922,-0.1848753,0.01521991,-0.19474478
-0.53032684,-0.21197797,-0.017898256,-0.10579528
-0.66886675,-0.377132,-0.0010520144,0.13926591
-0.22320119,-0.5940183,0.0069890246,0.2986168
-0.46119758,-0.021181164,0.0027573681,-0.3030559
-0.48015812,-0.020069078,-0.023159984,-0.32764912
-0.7148372,0.0061537153,0.002560474,-0.39711657
-0.14253941,-0.5328948,-0.03663,0.24551561
-0.8005314,-0.58988404,-0.018298011,0.2074571
-0.7984798,-0.18802086,-0.006295473,-0.12532656
0.045769513,-0.03560121,-0.03664924,0.015052557
-0.68814605,-0.18883009,0.0015287331,-0.10747347
-0.055630445,-0.3459707,-0.0634859,0.13376509
0.009303134,-0.1890507,-0.060893618,0.0018963563
-1.1326208,-0.5315785,-0.018897431,-0.03967416
-1.2400776,-0.5206056,-0.0033740248,-0.025770027
-0.035577267,-0.3495747,-0.0664456,0.21349202
-0.69371843,-0.39911947,-0.038814954,0.010862397
-0.18792906,-0.33551204,-0.02589178,-0.09726039
-0.32709175,-0.20774181,0.02785265,-0.19931902
0.028750874,-0.0045603802,-0.04166511,-0.05631005
0.005171975,0.010019698,-0.0049549676,0.047779325
-0.015039886,-0.037095655,0.032674722,0.04803637
0.031116243,0.18363132,-0.04254803,-0.30080998
-0.002418198,-0.16525598,-0.050516255,-0.097455844
0.037750103,0.15748742,-0.023407437,-0.23283795
-1.0394739,-0.5349623,-0.030650275,0.034995496
-0.2397862,-0.33333093,-0.022458676,-0.1453771
-0.09721555,-0.57264835,-0.036977418,0.3364184
-0.32415515,-0.7213904,-0.002927443,0.39184207
-0.4030373,-0.18558224,0.0118609555,-0.17913744
-0.7299516,-0.3838897,-0.0058608036,0.18383849
-0.17551412,-0.3989158,-0.0051474953,0.0063626617
-0.2519095,-0.3480457,0.0035804543,-0.07669429
0.010411362,0.1875798,-0.01002295,-0.28317505
-0.9765221,-0.5639575,-0.046154473,0.2492301
-0.08395344,-0.5970936,-0.040953156,0.36682475
-1.0692834,-0.5584628,-0.03705192,0.12781449
-0.8713171,-0.3933784,-0.008819977,-0.11579544
-0.9216972,-0.17832668,-0.020699596,-0.2347113
-0.7261752,-0.18882108,-0.0037073537,-0.10767249
-0.036094442,-0.18281998,-0.047304552,-0.13569872
-0.98192924,-0.52249676,-0.012702926,0.015949138
-0.68962866,-0.20448954,-0.033392873,-0.27110407
-0.9184329,-0.58786464,-0.009285718,0.16287594
-0.80224025,-0.38305205,-0.008802004,0.16536358
-0.59619915,-0.40444735,-0.017967984,0.12840965
-0.04941156,0.18286872,0.045364816,-0.28408092
-0.9380424,-0.5876461,-0.0086826375,0.15805316
-0.82021916,-0.5894216,-0.015967695,0.19724429
-0.6861043,-0.54244155,-0.017636105,0.20000938
-0.67668915,-0.18886212,-5.3919775e-05,-0.10676663
-0.8211368,-0.34488618,-0.0070652184,-0.146395
0.0010691584,0.20514083,-5.7256624e-05,-0.24488555
-0.7215344,-0.59265035,-0.033047725,0.26861247
-0.014372323,0.2226871,-0.04976899,-0.3764061
-0.1075989,-0.5352437,-0.047071308,0.2975183
-0.15409507,-0.57037574,-0.017078854,0.2860658
-0.4298691,-0.40869975,0.02735865,0.22226556
-0.42560557,-0.21317506,0.028946804,-0.079407796
-0.8103337,-0.54015064,-0.010054073,0.14944275
0.02101045,0.18060596,-0.028945705,-0.23391648
-0.89186066,-0.34387,-0.00856513,-0.16881298
-0.5683052,-0.37653202,0.003349061,0.12603028
-0.8668959,-0.18695323,-0.0039766966,-0.148877
-0.67751926,-0.20538668,-0.02900981,-0.25127324
-0.005889134,-0.3816,-0.056089986,0.23823814
-0.5626489,-0.33004215,-0.005019867,-0.21789381
-1.7702087,-0.7107212,-0.0109610595,0.15648514
-0.039750844,-0.37723356,-0.050018527,0.14169309
-0.5716029,-0.40536696,-0.01753305,0.14869955
-0.63295126,-0.4029252,-0.02175968,0.09483222
-0.89173514,-0.71809655,-0.010760799,0.3192019
-0.30540067,-0.3485325,0.012343269,-0.06596055
-0.019988138,-0.03479483,0.04300024,-0.0027463203
-0.021239633,-0.19001642,-0.045610297,-0.081389986
-0.05844112,-0.18004015,-0.048289657,-0.1970902
-0.3867024,-0.5642144,0.019645974,0.25463486
-0.9252637,-0.37314686,-0.025393821,0.051371105
-0.5251171,-0.15979627,-0.0072881863,-0.21777286
-1.0620065,-0.36384335,-0.033972718,-0.15396021
-0.7857153,-0.34538957,-0.0076288227,-0.13529003
-0.95469904,-0.17601521,-0.03361121,-0.28579888
-0.43246928,-0.1587582,0.018445827,-0.24072303
-0.034829184,-0.21143952,-0.038575746,-0.11774387
0.011206115,0.17839128,-0.021998914,-0.18501492
-0.08014678,-0.5471267,-0.036434777,0.30356386
-0.0017959311,-0.40966174,-0.048397426,0.24373242
-0.8280345,-0.53990626,-0.009993118,0.14405063
0.033801522,-0.039123733,-0.019737955,0.09276808
-0.67030287,-0.5243003,-0.001975995,0.05573375
-0.8812723,-0.52313936,-0.011363314,0.030125767
-0.9031586,-0.3742804,-0.019078366,0.0763748
-0.8773756,-0.18014456,-0.0105274,-0.19457573
-0.56242085,-0.18856291,0.011664951,-0.11337604
-0.39004362,-0.5265766,-0.00040616677,0.1059472
-0.8253178,-0.3763531,-0.0074120346,0.12208807
-0.0157818,0.1575429,0.03363545,-0.23416096
-0.02852184,-0.37863025,-0.050755635,0.17255418
-0.6434862,-0.3487466,-0.021866329,-0.061246406
-0.8136574,-0.38284802,-0.008096394,0.16086127
-0.23778802,-0.5626681,-0.0058478867,0.22049339
-0.17300288,-0.5699717,-0.011596627,0.27712357
-0.019837402,-0.1592939,-0.064974815,0.027149247
-0.58899987,-0.18959896,0.0049952245,-0.090513386
-0.5034931,-0.33070096,-0.008991941,-0.20336503
-1.4557726,-0.5187758,-0.009740698,-0.06613718
-0.20539139,-0.54333866,-0.006448187,0.21976769
0.03852962,-0.17511338,-0.055548556,0.120309785
-0.49732715,-0.40873602,-0.026971284,0.22309026
0.03560679,0.013587195,-0.039446224,-0.03094263
0.027042186,0.20736721,-0.027103504,-0.29408574
0.024340753,0.18149684,-0.032634087,-0.25360176
-0.46351776,-0.3819824,0.004813113,0.14175896
-0.014910443,0.026905961,-0.04839186,-0.06885654
-1.0067278,-0.522138,-0.006291999,0.008034567
-1.1006742,-0.32659152,-0.0056968615,-0.2940134
0.018324276,0.20611872,-0.016758448,-0.26648384
-0.703379,-0.38400924,0.000949345,0.18646987
-0.46832696,-0.37347108,0.020621194,0.058517955
-0.5853298,-0.1892064,0.014722604,-0.09918357
-0.87918466,-0.5883729,-0.0111358855,0.17409185
-0.029145682,0.21948728,-0.027530568,-0.30550832
-0.09589531,-0.40141433,-0.033616662,0.061515108
-0.82506657,-0.38266283,-0.007566465,0.1567748
-0.59279186,0.00545103,0.003184957,-0.38161615
0.022671448,0.20667154,-0.021670792,-0.27870277
0.03068616,0.1557681,-0.015840434,-0.19487609
-0.0075433557,0.20533726,0.007961776,-0.24923185
-0.42223302,-0.15818758,0.022584964,-0.25333852
-0.035754442,-0.015936848,0.028417515,0.09022985
-0.5776464,-0.3841704,0.010921924,0.19003403
-0.7227254,-0.32902735,0.0034317903,-0.24028268
-0.04256876,-0.1535688,-0.062175754,-0.09938867
-0.020535825,0.0349212,-0.060054757,-0.24600273
0.027690077,-0.21848264,-0.060210332,0.037776753
-0.2485469,-0.5698249,0.008405138,0.2738618
-1.8089411,-0.5151805,-0.007612736,-0.14544904
-0.62879,-0.20806408,-0.017916773,-0.1921453
-0.49420193,-0.16014773,0.00057058234,-0.21001767
-0.07817712,-0.57382894,-0.045349818,0.3626254
0.032482333,-0.0033549862,-0.050028153,-0.082953244
-0.44280314,-0.17630878,0.034898054,-0.2793865
-0.5180162,-0.35504386,-0.008841918,0.077686556
-0.0021428575,-0.18731384,-0.055360448,-0.03647699
-0.38341546,-0.33140686,0.0033496437,-0.18779053
0.011462177,0.15409814,0.0006652305,-0.15801832
-0.790967,-0.7187409,-0.0118751535,0.33342355
-0.06254986,-0.14999953,-0.060810592,-0.17825177
-0.48685095,-0.17920665,0.018677553,-0.21530606
0.013995307,0.2056967,-0.012247954,-0.25715968
-0.022433927,-0.21262208,-0.040502578,-0.09164635
0.018027188,-0.01570377,-0.027686877,0.08508682
-0.044061728,-0.54962546,-0.05165561,0.35899943
-1.7108012,-0.51633215,-0.009990754,-0.12004597
-0.091089316,-0.35150498,-0.030363502,-0.0003834832
-1.7211279,-0.71130955,-0.012391673,0.1694683
-0.35898912,-0.34983283,0.02325324,-0.03728066
-0.67640936,-0.18199499,0.0017333037,-0.15374874
0.03614456,-0.038586244,-0.022004118,0.080912426
0.02680488,0.011865335,-0.027244847,0.007067217
-1.2939471,-0.7249207,-0.0006760026,0.21375488
-1.4907929,-0.7135052,-0.008048218,0.21789964
-1.11808,-0.7270361,-0.024107713,0.2605141
-1.0323098,-0.5605032,-0.037803195,0.1728671
-0.22322068,-0.54321754,-0.0035516783,0.21709228
-0.38390112,-0.54599565,0.027303524,0.27845842
-1.7353541,-0.51601243,-0.009002307,-0.12709793
-0.039347176,0.17963658,0.03266905,-0.21257676
-0.83284485,-0.18112576,-0.004970273,-0.17292404
0.017773913,-0.006951084,-0.021385068,-0.0035255142
0.04505749,0.16002665,-0.03634819,-0.28896466
-0.31490347,-0.20693497,0.030495567,-0.21714509
0.009476616,0.010147745,-0.008928637,0.04495594
0.02967746,-0.20071934,-0.052633084,0.15502416
-0.8476096,-0.37596917,-0.009607886,0.11362009
-0.6017989,-0.37686473,0.0012902205,0.13336942
-0.509073,-0.38269237,0.0051343543,0.15742092
-0.10078223,-0.34083357,-0.04747499,0.020184146
-0.5179273,-0.21257362,-0.019918619,-0.09265724
-0.36154783,-0.37932894,0.015769973,0.08323255
-0.6807889,-0.32915008,-0.00086132006,-0.23757195
-0.0365029,-0.38316667,-0.0455197,0.16807029
-1.073269,-0.521791,0.00013151813,0.00037902966
-1.6203108,-0.5169952,-0.0040905476,-0.10541448
-1.3233252,-0.5199845,-0.008584937,-0.03947223
-0.9105761,-0.3928398,-0.006732209,-0.12767549
0.02506087,-0.005547669,-0.03421938,-0.034503195
-0.014013063,0.17752892,0.0040622624,-0.1659562
0.021277536,0.18916672,-0.02785391,-0.3182735
-0.542386,-0.18093999,0.0088957045,-0.17703144
0.026884157,-0.040449433,-0.015405004,0.12200992
-0.698775,-0.18199804,0.0011657112,-0.15368102
-1.2833514,-0.52978575,0.00090828695,-0.079214476
-0.8896485,-0.18663651,-0.00436835,-0.15586431
0.03502735,0.020758612,-0.053142358,-0.18936792
-0.33858296,-0.52622706,0.004909398,0.09823759
-0.16970697,-0.5438447,-0.012812546,0.23095052
-0.012072093,-0.16431172,-0.058539283,0.13803217
-0.2599434,-0.37482387,0.013882373,-0.016158314
0.013590798,-0.00040486094,-0.055290002,-0.2527923
-0.0019488563,-0.38728738,-0.05432597,0.25920787
-0.013521134,-0.18572347,-0.051325224,-0.07159641
-0.08090621,-0.37297124,-0.043517236,0.047525212
0.025663072,-0.004884848,-0.049532603,-0.15378779
-0.24105535,-0.37457734,0.008837061,-0.021596164
-1.1427327,-0.5540677,-0.046542503,0.030797973
0.0144457575,0.17907155,-0.023686256,-0.20003109
-0.8995712,-0.17937385,-0.014846605,-0.21158808
-0.98780125,-0.36820784,-0.04116987,-0.057646275
-0.6800493,-0.3771417,-0.0013416709,0.13948052
0.0013865747,0.15442364,0.013044666,-0.16521621
-0.85925245,-0.38217327,-0.0068961675,0.14597355
-0.45171925,-0.020651557,0.015760316,-0.31479073
-0.20329045,-0.37450758,-0.0010065918,-0.023134148
0.042531595,-0.22313575,-0.05446791,0.1405743
-1.4142618,-0.5189813,-0.0046424223,-0.06160253
-0.40057513,-0.3314488,0.0017127772,-0.18686384
0.031357754,-0.0120755015,-0.042648394,0.005018135
-0.95164573,-0.537842,-0.016050562,0.0985175
-0.21193926,-0.5295132,-0.02637794,0.17079486
-0.91237485,-0.18628532,-0.0053373594,-0.16361198
-0.01985345,0.025735443,-0.040568158,-0.042991813
-0.79263127,-0.3950054,-0.0166998,-0.07991058
-0.0032345601,0.20518166,0.0038961733,-0.2457904
-0.059481185,-0.20918909,-0.03778036,-0.16741514
-0.033737067,-0.16092616,-0.049466338,-0.19307038
-0.7414031,-0.38377497,-0.004397785,0.18130554
0.050789677,-0.033353474,-0.04855945,-0.03458205
-0.96913177,-0.36951783,-0.04557986,-0.028730653
-1.3064268,-0.52002937,-0.0011845345,-0.038481843
-0.47678944,-0.35521933,0.0014924837,0.08155389
-0.29452983,-0.54354125,0.007858606,0.22423315
-0.0997145,-0.37174168,-0.036043398,0.020369783
-1.0837048,-0.3266709,0.00013909872,-0.2922624
-0.39542603,-0.38056457,0.009651255,0.11048502
-0.37282315,-0.37980345,0.013345954,0.093697816
-0.044166237,-0.18742372,-0.042158294,-0.13861819
-0.44152415,-0.526494,-0.0052829925,0.1041278
-0.559277,-0.40583324,-0.017926948,0.15898944
-0.774902,-0.5406651,-0.010844708,0.1607943
-0.4979269,-0.17967755,0.016035624,-0.2049047
-0.4484157,-0.1865571,0.008280345,-0.1576227
-0.5385998,-0.3545012,-0.01466623,0.06571925
0.0008690729,0.010004275,-0.0010196349,0.048118915
0.028659666,0.19113344,-0.04279131,-0.36184204
-0.30275017,-0.2060372,0.03391152,-0.23699068
-1.106094,-0.55638665,-0.03989953,0.081988364
-0.43804306,-0.2139793,0.031803958,-0.061663367
-0.063664965,-0.40375045,-0.04112866,0.11311386
-0.30527443,-0.57123166,0.02494084,0.30496424
-0.25639063,-0.5625644,-0.0029185878,0.21820043
-0.4180838,-0.3811419,0.0071675503,0.12321899
-1.0171707,-0.71716917,-0.0061313077,0.29872566
-0.8987381,-0.53886837,-0.011941389,0.12115566
-0.6353245,-0.3770489,-6.533415e-05,0.13743256
-0.5281374,-0.1878427,0.008842949,-0.12926121
0.048207395,-0.030338867,-0.053222425,-0.10118106
-0.7793782,-0.383539,-0.010826359,0.17611058
-0.3393116,-0.2084789,0.02590664,-0.18304029
-0.20334712,-0.5939056,0.0009912003,0.2961307
-0.6682942,-0.54295444,-0.020110462,0.21133804
-0.7122431,-0.52411485,0.0023989426,0.051642388
0.017555531,-0.0019480371,-0.05205958,-0.21866925
0.04756685,0.16114137,-0.042286754,-0.3136349
-0.5488733,-0.3541007,-0.017982937,0.05688694
-0.21917865,-0.56285834,-0.008926074,0.22469725
0.021580098,-0.0034292217,-0.050151028,-0.18593878
-0.24306148,-0.59430206,0.013124285,0.3048903
0.04035802,0.21048285,-0.04790162,-0.36308953
-0.045640137,-0.34774712,-0.06416353,0.17304808
-0.55098355,-0.18829656,0.010515347,-0.1192508
-0.4692074,-0.33115113,-0.0049756924,-0.19343024
0.041324817,0.017671317,-0.053103276,-0.12117637
-0.042378366,-0.014010141,0.034987442,0.047721483
-0.95764333,-0.58744335,-0.008268699,0.15357962
-0.06689021,-0.18493342,-0.043180767,-0.19360356
-0.33022523,-0.5442091,0.014463994,0.23898064
-0.47489598,-0.38216034,0.0046602595,0.14568433
0.017516572,-0.19628865,-0.056432962,0.05714812
-0.60417265,-0.18956377,-0.0021390645,-0.091288365
-0.586621,-0.1567214,-0.030210199,-0.28571025
-0.27498993,-0.56254345,-6.2613515e-05,0.2177369
-0.4904351,-0.37459058,0.014371431,0.08320959
-0.083200745,-0.3423923,-0.055155884,0.054630674
-0.2570153,-0.33264828,-0.022563484,-0.16043961
-0.34110942,-0.34929678,0.019243607,-0.04910507
0.026052043,-0.36442894,-0.06360539,0.28535017
-0.27884272,-0.3752162,0.01917665,-0.00750361
-0.355731,-0.52639544,0.003016302,0.10195108
-0.6690084,-0.38403818,-0.0037961479,0.18711141
-0.3793263,-0.3688041,0.02053509,-0.044455692
-0.05927669,-0.38067606,-0.045442022,0.11306266
-0.79262304,-0.54040146,-0.010334623,0.15497638
-0.66133213,-0.34810406,-0.018602096,-0.07541829
-0.14485727,-0.3493483,-0.0154884225,-0.047964457
-0.63260144,-0.54423904,-0.02666084,0.23972544
-0.017315337,-0.1610244,-0.06136259,0.065391764
-0.4427092,-0.21487066,0.023687799,-0.04198057
-0.39798668,-0.3693784,0.024738671,-0.03178722
-0.7017008,-0.5936639,-0.038597707,0.2910505
-0.28282863,-0.59540665,0.026422929,0.32933205
-1.0501732,-0.33941454,-0.029950364,-0.26719818
-1.7947321,-0.710453,-0.010624067,0.15056653
-0.7583171,-0.37697333,-0.0035879356,0.13576712
-0.1655026,-0.37501442,-0.011357538,-0.011954384
-0.72113985,-0.1819686,0.00058209203,-0.15433036
-1.1798389,-0.74727696,-0.039725035,0.28151324
0.02837208,0.15530987,-0.0142132295,-0.18476284
-0.21625817,-0.3481251,-0.0020528329,-0.07494227
-0.2875641,-0.34828743,0.009285905,-0.071365006
-0.017490337,-0.03602248,0.037314154,0.024354361
-0.9656322,-0.17497885,-0.039405253,-0.30873045
-0.7490786,-0.18859036,-0.00077167386,-0.112761475
0.008140137,-0.16680045,-0.05348886,-0.063354164
-1.1671456,-0.32599798,-0.0008095047,-0.3071062
0.040154003,0.1582205,-0.027016785,-0.24903306
0.052732047,-0.22623263,-0.05740328,0.20904289
-0.6283346,-0.5247559,-0.0069708936,0.06578604
-1.1355414,-0.35956332,-0.04157275,-0.24848759
-0.5891139,0.005701477,0.012738933,-0.38718542
-0.50550187,-0.21323916,-0.02250948,-0.07797697
-0.42942908,-0.38138184,0.0062880493,0.12851185
-0.6205102,-0.18182889,0.0034799383,-0.15741427
-0.6652271,-0.18198106,0.0020291149,-0.15405647
-0.65768486,-0.3771137,-0.0007481328,0.13886239
-0.16327205,-0.5640193,-0.019893676,0.25035676
-1.3999771,-0.7142352,-0.00932255,0.23400639
-0.2588704,-0.5432188,0.0020465683,0.21711613
-0.52217877,-0.40740448,-0.021771764,0.19367541
-0.52047974,-0.3828839,0.005610016,0.16164665
-0.5547495,-0.38356757,0.008130331,0.176731
-0.7770308,-0.18173014,-0.001346266,-0.15959077
-0.3390647,-0.37812704,0.02210757,0.056722775
-1.6798024,-0.32161024,-0.0032056998,-0.4038985
-0.4632909,-0.15983464,0.008521507,-0.21693611
0.029804485,-0.0063512963,-0.050204955,-0.1214065
0.017634893,0.18847093,-0.021455579,-0.30287823
-0.3841167,-0.38021162,0.011325015,0.10270025
-0.41773602,-0.33144432,0.000102678474,-0.18696205
-0.014266828,-0.4083549,-0.044799075,0.21482486
-0.33541209,-0.18263012,0.026994593,-0.2443512
-0.7147141,-0.18900447,-0.0053818575,-0.103627466
-0.4470066,-0.02009625,0.022848187,-0.32709664
-0.74350137,-0.18190451,-7.588858e-05,-0.15574415
-1.7844232,-0.51544404,-0.007831357,-0.13963549
-1.1577808,-0.53102684,-0.014751173,-0.051841225
-1.156723,-0.52112746,-0.00052434683,-0.014257893
-0.3232479,-0.34886652,0.015635878,-0.058594223
-0.8587432,-0.3757271,-0.010977054,0.108281344
-0.8034311,-0.34513307,-0.0072350954,-0.14094888
-0.062041927,-0.37443933,-0.052231457,0.079977
-0.57975155,-0.72007823,-0.007913715,0.36291093
0.027707804,0.18249752,-0.037133887,-0.27572533
-0.29919553,-0.7216421,-0.01289072,0.39744148
-0.12589025,-0.56540257,-0.02965146,0.2809575
0.03257569,-0.2200853,-0.05693589,0.073183455
-0.40081865,-0.21175075,0.025176235,-0.110830866
-0.5550583,-0.21093453,-0.015350723,-0.12881126
0.01301122,-0.19064249,-0.056178965,0.037066463
-0.022289345,-0.15744992,-0.07013794,-0.013619673
0.038080834,-0.20374963,-0.05664217,0.22203025
-1.0988581,-0.36179632,-0.0359165,-0.1991517
0.006817794,0.18736643,-0.0047083767,-0.27846143
-0.96492547,-0.52270895,-0.007626522,0.020629592
-0.34941977,-0.56328773,0.012080498,0.234167
-0.055553056,-0.18618159,-0.042121217,-0.16604033
-0.54331726,-0.38331628,0.007091616,0.17118654
-0.9772363,-0.5872511,-0.008031114,0.14933842
-0.7293059,-0.5241982,-0.0013738634,0.05348074
-0.24104592,-0.5431783,-0.00074401055,0.21622324
-0.3515604,-0.20916551,0.02459986,-0.16788104
-0.76109,-0.59105104,-0.024410835,0.23324242
-0.042658567,0.1805931,0.035941873,-0.23372053
-0.5941531,-0.5248447,-0.00065549655,0.0677432
-0.007919581,-0.039659157,0.02385946,0.10458888
-0.4793694,-0.37407726,0.017239789,0.07188817
-0.9327266,-0.17767017,-0.0243664,-0.24921438
-0.55352855,-0.1811433,0.007723965,-0.17254418
0.044567678,0.01607328,-0.05516341,-0.08588736
-0.6875921,-0.18200058,0.0014479393,-0.15362538
-0.5354093,-0.15952636,-0.0101916,-0.2237315
-0.118303776,-0.33948344,-0.041120943,-0.009630662
0.016779615,-0.19212863,-0.052797377,0.06989139
-0.5692497,-0.525092,-0.009377743,0.07320141
-0.015358327,0.0315977,-0.055778638,-0.17252931
-0.075901255,-0.40260908,-0.042711504,0.087917365
-1.5050629,-0.5182692,-0.0036902248,-0.07731113
-1.292122,-0.7152408,-0.0063082166,0.2561841
-0.35029382,-0.37877518,0.018663948,0.071018845
-0.61124426,-0.5248453,-0.003803562,0.06775698
-0.9479176,-0.5227782,-0.002642478,0.022156646
-0.63092756,0.005639342,0.00029966704,-0.38576427
-0.33080077,-0.5629724,0.008790273,0.22720425
-0.40537426,-0.5648462,0.024102928,0.26859722
-0.15564542,-0.39923993,-0.011468898,0.0135138435
-0.3557437,-0.40463078,0.021242239,0.1324598
-0.10714933,-0.5663287,-0.035636004,0.30146626
-0.19319531,-0.3681795,-0.01106892,-0.058227155
-0.32786477,-0.37736684,0.026195534,0.039953038
-0.4530024,-0.15957029,0.0115067605,-0.22277649
-0.5646789,-0.18131447,0.006724389,-0.1687664
-0.95821935,-0.3706421,-0.039327186,-0.0039032989
-0.70241493,-0.37713668,-0.0019079094,0.13936943
0.010565123,-0.007688034,-0.010277606,0.012732772
-0.77573884,0.0065754,-0.00042083577,-0.40641317
-0.02254039,-0.033379868,0.04989092,-0.03400003
-0.7147345,-0.34665415,-0.011796294,-0.10739737
-1.107206,-0.5216318,-0.011577129,-0.0031326276
-0.9624026,-0.34249368,-0.0140802115,-0.19918582
-1.5957223,-0.51719165,-0.0058638253,-0.10108163
-0.046011586,0.18166113,0.040134348,-0.2573454
-0.4616212,-0.2163423,-0.0033037504,-0.009504658
-0.50771254,-0.35519773,-0.0061924816,0.081079215
-1.0877092,-0.55744195,-0.03802211,0.10528043
-0.6540457,-0.18195829,0.002343043,-0.1545588
-0.5738691,-0.18886381,0.013056713,-0.10673947
-1.4804232,-0.51847845,-0.006594308,-0.07269548
-0.52062094,-0.7206255,-0.011329885,0.37500215
-0.025039962,-0.38445586,-0.047238097,0.1965611
-0.73338735,-0.39707276,-0.027675476,-0.034308027
-0.8884808,-0.17978874,-0.01252356,-0.20242922
-0.48635447,-0.33095396,-0.006890719,-0.19778119
-0.45214686,-0.38179663,0.005127891,0.13766094
-0.7806654,-0.37683278,-0.0045380816,0.13266714
-0.78704894,-0.18826379,-0.007304147,-0.11996795
0.01477394,-0.01640911,-0.025699211,0.10064781
-0.91638696,-0.5385618,-0.013023688,0.11439447
-1.4389222,-0.51883096,-0.0012822313,-0.06491806
-0.36598578,-0.5452804,0.022507627,0.26264724
-1.5568697,-0.7127328,-0.011863766,0.20086774
-0.81053334,-0.18142809,-0.0032088095,-0.16625398
-0.15588851,-0.3691774,-0.019169336,-0.03621694
-0.59200835,-0.20954002,-0.0147764785,-0.15957527
-0.18440232,-0.37468618,-0.0060541546,-0.019194247
-0.026686369,-0.4071408,-0.042335507,0.18798792
-0.36625892,-0.33131683,0.0050553237,-0.18977869
-0.74713945,-0.37702537,-0.0031907717,0.13691483
-1.6306506,-0.7120583,-0.0061988374,0.18597509
-1.532253,-0.71307987,-0.014262144,0.20853324
-1.5465146,-0.51775694,-0.01009148,-0.08861431
-0.21522523,-0.39879784,0.0069138138,0.0037605246
-0.85551023,-0.18710864,-0.003987191,-0.14544883
-0.017980041,0.03323517,-0.05718825,-0.20871703
-0.8388326,-0.3446426,-0.007112106,-0.15176812
-0.0093524605,-0.16594993,-0.059293546,0.17424804
0.018109242,0.010751738,-0.017391147,0.03163503
-0.91064423,-0.17889023,-0.01755087,-0.22226584
-0.4427272,-0.15921484,0.014785781,-0.23063049
-1.1736655,-0.5211084,-0.0069516287,-0.0146786915
-0.4564522,-0.021009473,0.009120911,-0.30686128
-0.20524436,-0.33474457,-0.024094136,-0.11419022
0.028978432,0.02395901,-0.058672484,-0.26013017
-0.9301902,-0.39261103,-0.0060282,-0.13272187
-0.5345664,-0.40683892,-0.020014161,0.18118751
0.029457612,-0.17027842,-0.06387509,0.013484818
0.016734313,0.0022650028,-0.048656285,-0.20705467
-0.4240727,-0.5656083,0.02914713,0.28544784
-0.3768914,-0.35048681,0.02776057,-0.022852404
-0.52013034,-0.18041368,0.011889449,-0.18864986
-0.55715144,-0.37637493,0.004273081,0.12256537
-0.87827533,-0.18679717,-0.004103262,-0.15232
-0.37288526,-0.5265107,0.0012597499,0.10449469
-0.2977592,-0.37576228,0.024849929,0.004545596
-0.05259508,-0.15176831,-0.060702566,-0.13916634
-1.2088284,-0.3257587,-0.002112274,-0.3123844
-0.28866073,-0.5267395,-0.015081814,0.10955466
-0.8327198,-0.18743336,-0.0044309692,-0.13828552
-0.772911,-0.39558896,-0.019745985,-0.06703943
-0.23408502,-0.34804502,0.0007901672,-0.07670888
-0.97537965,-0.32747847,-0.00721393,-0.2744498
-0.011036563,0.1558491,0.027794072,-0.19673064
-0.9800007,-0.3420353,-0.01628348,-0.20930453
0.034005843,-0.007865738,-0.05220157,-0.08796825
0.032415237,-0.19772543,-0.051687215,0.19353549
-1.0902382,-0.52179486,-0.005706149,0.00046439483
-0.82131433,-0.1876111,-0.0048791687,-0.13436483
-0.66522956,-0.18894057,-0.001695425,-0.10503614
-0.023207987,0.16099244,0.049210917,-0.31053388
-0.6996021,-0.18884309,0.003093091,-0.10718731
-0.26293492,-0.59476185,0.019549595,0.31506038
-1.0822172,-0.5330924,-0.029031906,-0.0062742033
-0.22921,-0.5288094,-0.025563871,0.15525976
-0.4976736,-0.3825109,0.0048208083,0.15341774
-0.3884656,-0.21109596,0.024183081,-0.12527782
-0.098119415,-0.54617864,-0.030371172,0.28256688
-0.11847591,-0.37071744,-0.029606678,-0.0022391158
-0.03249785,0.3734434,0.02635504,-0.47635165
-1.2688522,-0.72495586,-0.0033823827,0.21453348
-0.90609705,-0.522823,-0.0043767616,0.023144929
-0.40674895,-0.3808719,0.008278206,0.11726348
-1.0804527,-0.3628302,-0.03449563,-0.1763238
-1.5814732,-0.7124518,-0.009757089,0.1946632
-1.1935319,-0.72555184,-0.01229436,0.22770192
-0.65754676,-0.38414052,-0.005482852,0.18937135
-0.35786933,-0.1839257,0.020084325,-0.21571758
0.032417748,-0.17196576,-0.059687916,0.05077146
0.017713113,0.1798039,-0.025985142,-0.21620117
-1.0219554,-0.53571033,-0.026690561,0.05149872
-0.47584796,-0.21550773,-0.02260155,-0.027921708
-1.5218902,-0.5181417,-0.012659568,-0.08012882
0.02060522,-0.19354525,-0.050679825,0.10117709
-0.49304733,-0.21399246,-0.025744077,-0.061360363
-0.4663715,-0.21624511,-0.009558406,-0.011649122
-0.36805233,-0.56369877,0.015670218,0.24324355
-0.4757964,-0.17865077,0.021791553,-0.22758816
-0.24904138,-0.36746305,-0.0014380189,-0.07402845
-0.012630941,-0.038043085,0.02895223,0.06893903
-0.6653772,-0.20617521,-0.025347363,-0.23385164
-0.5693654,-0.35299653,-0.025826043,0.03253039
0.02244665,0.011239902,-0.022088123,0.020866564
-1.2257606,-0.71585155,-0.008767329,0.2696652
-0.7135741,-0.39801344,-0.032776695,-0.013551501
-0.8158108,-0.7184988,-0.00446629,0.32805523
-0.47543553,-0.020621615,-0.016293107,-0.31542212
-0.12696365,-0.34992462,-0.019805716,-0.035252057
-0.025438342,-0.35149956,-0.07041033,0.2561355
-0.41517326,-0.35298818,0.02193811,0.03234276
0.03537283,0.15684411,-0.020385869,-0.21863084
-0.44232264,-0.019327449,0.030570691,-0.3441447
-0.024755936,0.02476825,-0.033640735,-0.021633415
-0.51481646,-0.15998755,-0.004570897,-0.213551
-0.009694604,-0.19143367,-0.049141813,-0.05010327
0.042588305,0.15906042,-0.0312973,-0.267597
-0.04791471,-0.38191727,-0.044930656,0.14047208
0.004475048,0.34935647,0.009740341,-0.45375553
0.028173983,-0.02419528,-0.05547222,-0.23690554
-0.32344666,-0.36770624,0.010163632,-0.068667956
-0.44632933,-0.37191072,0.029310323,0.024095733
-0.3048413,-0.3675219,0.0071741734,-0.07273242
-0.36068553,-0.3683405,0.016763838,-0.054681007
-0.71105915,-0.18890087,0.0046787425,-0.10591342
-0.5897554,-0.35139975,-0.035924405,-0.0027063969
0.023320425,-0.4126918,-0.059454795,0.31087145
-0.039046705,-0.015023466,0.03126746,0.07007945
-0.012915696,-0.16378693,-0.04888795,-0.12989034
-0.6388297,-0.3295347,-0.0056551727,-0.22908807
-0.94372874,-0.17690553,-0.028637,-0.2661126
-0.009918581,0.02830605,-0.057297114,-0.09982161
-0.5237386,-0.3757037,0.008116452,0.10775986
0.028422654,-0.19630902,-0.05011639,0.16222787
-0.65591186,-0.7195491,-0.009000821,0.35124126
-0.7605244,-0.18853612,0.00056665443,-0.11395838
-0.44078374,-0.38159817,0.005614673,0.1332836
-1.031514,-0.5219604,-0.0001567941,0.0041153654
-0.5101071,-0.5256932,-0.013059242,0.08646786
-0.5758358,-0.1814582,0.005869666,-0.16559418
0.03147828,-0.039605867,-0.017908487,0.103402674
-1.1176386,-0.7165858,-0.011639782,0.2858752
0.037523326,-0.22162369,-0.05503208,0.10716715
-0.31219172,-0.562746,0.0057195253,0.22220533
-0.28624082,-0.3674206,0.0042921244,-0.074965775
-0.7184942,-0.38404888,-0.007454407,0.18735266
-0.9951654,-0.56271607,-0.042322796,0.22176829
-0.91422206,-0.37375697,-0.021996187,0.06482958
-0.78820205,-0.18164612,-0.0018847386,-0.16144402
0.006974338,-0.007827213,-0.005024427,0.015802521
-0.13396214,-0.54475707,-0.020510757,0.25111675
0.050122607,0.16242999,-0.04925109,-0.34218192
-0.40720412,-0.52659523,-0.0020244997,0.10635891
-0.7323212,-0.18194115,0.00026620785,-0.15493585
-0.56739366,-0.21045929,-0.014747159,-0.13929464
-0.40184653,-0.15663818,0.0327629,-0.28762215
-0.062130414,-0.54826564,-0.043465897,0.32881153
-0.39482105,-0.35127366,0.03287269,-0.0054895077
-0.36803272,-0.4052752,0.020822505,0.14667684
-0.5460048,-0.3761881,0.005355076,0.11844446
0.03806888,-0.027277721,-0.051656425,-0.1687827
-0.7694926,-0.3769096,-0.0040335045,0.13436194
0.011547521,-0.01707032,-0.024303623,0.115235455
-0.1531973,-0.33726937,-0.03171969,-0.05849255
-0.27483016,-0.39992374,0.025850803,0.028606303
-0.34662724,-0.18332893,0.023242025,-0.22890389
-0.014726373,-0.1626834,-0.059229225,0.102048695
0.0019107413,-0.19297989,-0.054006808,-0.01595814
-0.5795756,-0.3522677,-0.03053919,0.016449565
-0.9583731,-0.32761845,-0.0021993453,-0.27135885
-0.48709622,-0.3552853,-0.0010895942,0.083008826
-0.3491075,-0.3311758,0.00687415,-0.1928924
-0.8909521,-0.39309332,-0.0076540485,-0.12208319
-0.87419486,-0.34414077,-0.007855438,-0.16283952
-0.17058113,-0.33634627,-0.028409215,-0.0788572
-0.1875547,-0.5435456,-0.009508461,0.22434036
-0.51672685,-0.18764429,0.008282773,-0.13363783
-0.8820113,-0.38186014,-0.007149662,0.13906561
-1.2569984,-0.5205018,-0.010279737,-0.02806177
-1.2186481,-0.7252665,-0.009116995,0.22139719
-0.33124658,-0.40325084,0.023866272,0.102018386
-0.29473677,-0.40067065,0.03300957,0.045097392
-0.62414676,-0.37700048,0.00033165287,0.13636446
-0.898814,-0.5881048,-0.010095713,0.16817518
-0.65320635,-0.20687358,-0.022321431,-0.21842787
0.024486339,-0.19492723,-0.049788527,0.13170034
-0.45867994,-0.5263728,-0.00700478,0.10145441
-0.8933812,-0.38169563,-0.007485636,0.13543731
-0.7808228,-0.59042233,-0.021086775,0.21934871
-0.8301808,-0.5233136,0.0020948143,0.033967186
-0.13516612,-0.57094496,-0.023028465,0.29866818
-0.8472115,-0.5233832,-0.0023869234,0.035502575
-0.032468334,-0.15544666,-0.06528762,-0.057898734
-1.281718,-0.5201998,-0.0056137694,-0.03472235
-0.26764193,-0.36740083,0.0014454208,-0.075401716
-0.5764253,-0.15751392,-0.025175435,-0.26818776
-0.5312527,-0.18069899,0.010271649,-0.18235135
-0.60846955,-0.40397084,-0.018797537,0.11789789
-0.073095724,-0.3525527,-0.03688967,0.022744473
0.043318413,-0.03650542,-0.031997446,0.035007257
-0.8320076,-0.39407495,-0.01202281,-0.10043266
-0.26973477,-0.34812617,0.006388891,-0.07492052
-0.83988905,-0.5890225,-0.014031463,0.18843299
-0.4120235,-0.15748727,0.027314683,-0.26882872
-0.45213228,-0.21599442,0.009464501,-0.017179487
-0.024260571,0.22035609,-0.0340734,-0.3247377
-0.69123214,-0.37714323,-0.0016245684,0.13951398
-0.5090209,-0.18007627,0.013793394,-0.19609964
-0.6346045,-0.38450176,-0.009275355,0.19734724
-0.9693922,-0.392204,-0.005197106,-0.14170037
-0.47111616,-0.21596846,-0.015938038,-0.017753482
-0.7804909,-0.52380437,-0.012771098,0.044797238
-1.0151372,-0.3409096,-0.022007322,-0.23416196
-0.9447878,-0.3428973,-0.01224501,-0.1902776
0.038509715,-0.037980583,-0.024758486,0.067552455
-0.57946503,-0.37666368,0.0025577827,0.12893467
-0.77560735,-0.18854058,-0.008549099,-0.113862954
-0.43564442,-0.3541387,0.013631367,0.057720672
0.02797069,-0.0131443115,-0.037706126,0.028611789
-0.4143664,-0.18586951,0.0106234765,-0.17279628
-1.6694674,-0.51674634,-0.0009876166,-0.11090416
-1.7456743,-0.71100426,-0.011544266,0.16273133
-0.50451046,-0.16010404,-0.0019728672,-0.21098073
-0.020684035,0.1596849,0.042945314,-0.2815581
-1.6060661,-0.7122291,-0.007885458,0.18974552
-0.59816533,-0.18167856,0.0045048455,-0.16073126
-0.013523278,-0.3858178,-0.05014388,0.22667903
-0.4166712,-0.37007636,0.029474871,-0.016387094
-0.039057974,-0.40598813,-0.040930625,0.1625235
-0.6093362,-0.18176128,0.0039576087,-0.15890618
-0.5053238,-0.1874583,0.007889164,-0.13774043
0.04089985,-0.037292387,-0.028064195,0.052370574
-0.6308148,-0.18948686,-0.0074156183,-0.092986874
-1.3753017,-0.7145372,-0.013014628,0.2406817
-0.4049793,-0.35221165,0.02701046,0.015211218
-0.9309111,-0.5227044,0.0023750118,0.020529073
-0.4805595,-0.21485378,-0.029712966,-0.04235884
-0.9975798,-0.34151137,-0.018905617,-0.22087255
-0.44740853,-0.21553591,0.016306253,-0.02729689
-0.37613824,-0.21045753,0.023756042,-0.13936494
-1.00441,-0.53635806,-0.023323068,0.06578733
-0.74132884,-0.59178716,-0.028361637,0.24951613
-1.2080429,-0.5302564,-0.0077403225,-0.068833604
-0.11620892,-0.57169557,-0.02960289,0.31529555
-1.1840876,-0.71612996,-0.0072452025,0.27580282
0.044889145,-0.17821634,-0.056881156,0.18889393
0.021404311,-0.0063387724,-0.027513143,-0.0170384
-0.029625336,0.023982704,-0.027444685,-0.0042941617
-1.0419532,-0.32683614,-7.4486794e-05,-0.288617
0.023794202,0.15449771,-0.012068173,-0.16684155
-1.0064198,-0.3670155,-0.03788743,-0.083958834
-0.5521437,-0.52525747,-0.006556879,0.07685059
-0.46594805,-0.021173129,-0.0034938436,-0.3032281
-0.8439909,-0.18093453,-0.006065018,-0.17714338
-0.18192482,-0.56352437,-0.015857222,0.23941511
-0.7571697,-0.5409485,-0.011600243,0.16704825
-0.52831304,-0.35481328,-0.0116436435,0.07260218
-1.1947844,-0.55161154,-0.034094773,-0.023429405
-0.8478637,-0.3823298,-0.006975723,0.1494266
-0.6451598,-0.4023306,-0.023955747,0.08171586
0.02607517,0.15488979,-0.012964806,-0.17549306
-0.43705672,-0.18635054,0.008858286,-0.16218066
0.04006357,0.014722429,-0.046781186,-0.056021497
-0.7376294,-0.18868439,-0.002184034,-0.11068753
-0.16363022,-0.59419554,-0.01119862,0.30255625
-0.53486663,-0.3759664,0.006624622,0.11355413
-0.4459115,-0.3545449,0.010173171,0.06667947
-0.75468,-0.18185787,-0.000452475,-0.15677303
-0.047295514,-0.18143226,-0.047184665,-0.16634086
-0.36383632,-0.20981945,0.023891434,-0.15344653
-0.62713856,-0.18945137,0.0021750343,-0.09376836
-0.47069642,-0.020987395,-0.009791388,-0.30733246
0.021309191,-0.014937129,-0.030309165,0.06817296
-1.5711244,-0.5174432,-0.007846411,-0.09553391
-0.8099013,-0.18780522,-0.0054947324,-0.13008308
-0.8053418,-0.5234519,-0.0052066823,0.037019596
-1.1074349,-0.53226066,-0.023615204,-0.02462541
-0.4825392,-0.18710543,0.007573946,-0.14552474
0.024622567,-0.014090715,-0.033624034,0.04949734
-0.96925247,-0.53741145,-0.018063929,0.0890224
0.009679571,0.20539658,-0.008029519,-0.25053063
-0.13719831,-0.36987045,-0.02403231,-0.020927977
0.015066589,-0.2167754,-0.053237367,4.6706555e-05
-1.6552287,-0.71193457,-0.0046524727,0.18324281
-1.6862346,-0.51668656,-0.01128367,-0.11222798
-0.009989166,-0.21388312,-0.043522775,-0.063814946
-1.3337249,-0.71498233,-0.009374381,0.25048974
-0.7658566,-0.18180017,-0.0008725931,-0.15804558
-1.1684014,-0.7259342,-0.015787996,0.23615132
-0.8698667,-0.37544435,-0.012568316,0.10204582
-0.68737185,-0.5242597,-0.0056127594,0.054839153
-0.39268753,-0.40655586,0.021677526,0.17493545
-0.23508155,-0.39899662,0.012961361,0.008146252
-1.1432524,-0.7264244,-0.019690914,0.24698704
-0.73249966,-0.34628642,-0.010313428,-0.11550835
-0.3068709,-0.4016268,0.029171703,0.06619313
-0.9472669,-0.3716073,-0.03395925,0.017402196
-1.1687839,-0.55274713,-0.039757732,0.0016347149
-0.85512894,-0.18071087,-0.007335484,-0.18207851
-1.3084455,-0.5297891,0.003599095,-0.079141214
-0.13577329,-0.33830583,-0.035917558,-0.035622094
0.01454414,0.34921056,-0.0024951359,-0.4504913
-0.50152045,-0.3750251,0.01193753,0.092793226
-0.23043582,-0.36760998,-0.0044321287,-0.07078789
-0.090048596,-0.53668183,-0.05406327,0.32941413
-0.2549475,-0.39936957,0.019222092,0.016375182
-0.45687237,-0.2162602,0.0029836856,-0.011315874
-0.92715824,-0.34325567,-0.0107358,-0.18236873
-0.10866851,-0.37702018,-0.03024905,0.032307897
-0.6079639,-0.384655,-0.003964832,0.20071891
-0.10904299,-0.35063693,-0.024719834,-0.019538151
-0.12764283,-0.37616473,-0.02329698,0.013425799
-0.48389384,-0.1601188,0.0031235614,-0.21065778
-1.2674085,-0.7154748,-0.010840973,0.26136014
-0.67915326,-0.34755084,-0.0158837,-0.08762021
-0.773915,-0.3287956,-0.007863196,-0.24539511
-0.5456898,-0.15917206,-0.013351845,-0.23155464
-0.26366827,-0.5274401,-0.025772275,0.12504059
-0.5559553,-0.15872557,-0.016845198,-0.24141505
-0.42539677,-0.3536246,0.017518194,0.04638168
-0.8747102,-0.32810575,-0.006151101,-0.2606107
-1.050817,-0.5594747,-0.03697581,0.1501547
-1.6448919,-0.5168482,-0.0024793355,-0.10865687
-0.65734386,-0.40166944,-0.026689988,0.06713121
-1.2504897,-0.32543543,-0.0038894254,-0.3195156
-0.9362801,-0.3724358,-0.029350687,0.03568437
-0.024837073,-0.1842383,-0.04866792,-0.10438575
-0.0077497237,0.010318393,0.007137967,0.04119046
-0.6042881,-0.20907266,-0.01539979,-0.16988736
0.014015002,0.18794559,-0.015559853,-0.29126072
0.0048041283,-0.36111632,-0.054755945,0.21198456
-1.3649099,-0.5195901,-0.0120511325,-0.04817476
-0.9497953,-0.39240092,-0.005521574,-0.13735622
-1.0676434,-0.728695,-0.03497653,0.29723132
-0.7634341,-0.5240435,-0.008864624,0.050071444
0.033090852,-0.025758062,-0.052888736,-0.20235777
-0.9868414,-0.53692067,-0.02046957,0.07819766
-0.4174469,-0.40793315,0.024840064,0.20533697
-0.94136524,-0.3276166,0.002785593,-0.27140355
0.03478887,-0.010859177,-0.048564233,-0.02184362
-0.11584437,-0.4004712,-0.025518257,0.040687945
-0.49392802,-0.18728016,0.0076542106,-0.1416701
-0.9165535,-0.7178819,-0.003913863,0.31444374
0.035442524,-0.17356437,-0.05692972,0.08608857
-0.0056105065,0.34985405,0.022341797,-0.4648566
-0.6217412,-0.32966903,-0.0024484224,-0.22612356
-0.31904215,-0.40247932,0.026152665,0.08499933
-0.03695559,-0.35530686,-0.053327747,0.08360687
-0.17730807,-0.53104967,-0.029986357,0.2047289
-0.34348118,-0.40396178,0.022245834,0.11770133
-0.75685453,-0.3289795,-0.004037923,-0.24133508
0.0005385648,0.37270126,-0.011692713,-0.45976
0.00250918,-0.21525556,-0.047727056,-0.03351837
-0.06554985,-0.3442009,-0.06437563,0.09464457
0.041678242,-0.1766512,-0.055526804,0.15429148
0.0055221203,-0.3832489,-0.06085569,0.27476206
-1.6965684,-0.71164507,-0.01352823,0.17687377
-0.85954356,-0.5886761,-0.012435665,0.1807844
-1.1172217,-0.3607161,-0.038259763,-0.22301117
-0.04575419,-0.012869914,0.039683197,0.022557644
-0.3123713,-0.54382926,0.011024058,0.23059104
-0.64607954,-0.38429353,-0.0072933543,0.19274992
-0.5126225,-0.37539276,0.009871401,0.100902386
-0.19842562,-0.34828904,-0.0050216536,-0.071326666
0.024949916,0.19004786,-0.034909446,-0.33778328
-0.59647715,-0.3847739,-0.0062059797,0.20334576
-0.22966234,-0.56965005,0.0034370462,0.27000073
-0.4862813,-0.38233504,0.004663451,0.14953797
0.04760062,-0.22465926,-0.055246044,0.1742468
-0.49740487,-0.35527784,-0.003629771,0.08284519
-1.2331533,-0.53001547,-0.004689051,-0.074147604
-0.5427032,-0.21143638,-0.016390411,-0.11774136
-0.4561938,-0.3548548,0.0070512304,0.073513806
-0.047177736,-0.21030487,-0.037680153,-0.14278582
-0.60465,-0.32971337,0.00069936743,-0.22514647
-0.8810777,-0.5391494,-0.011112228,0.12735492
-0.08965369,-0.37809274,-0.03809731,0.055994686
-0.43489626,-0.33139387,-0.0015214974,-0.18807477
0.005372369,0.20521235,-0.003999381,-0.2464628
-0.70389456,-0.54199576,-0.015599604,0.19016549
-0.02302328,0.03669676,-0.064431824,-0.28530556
-0.58391017,-0.40490887,-0.017548315,0.1385918
-0.50976664,-0.4080313,-0.024069019,0.20752001
-0.42570662,-0.18612336,0.00963193,-0.16719405
-0.89207655,-0.37472937,-0.016572144,0.08627696
-0.7531646,-0.39627188,-0.023371315,-0.05197601
-0.26743987,-0.57014215,0.013559207,0.28087214
-0.0030106357,0.17746003,-0.008403958,-0.16443776
-1.3895925,-0.51923174,-0.008200994,-0.056077823
-0.74637103,-0.52417415,-0.005096955,0.052951608
-0.07058888,-0.37941194,-0.04705284,0.085151084
-0.14459571,-0.5646397,-0.02445087,0.26407665
-0.32422855,-0.18181047,0.03144513,-0.26247984
-0.017235603,-0.38007346,-0.05275715,0.2044617
0.053371206,-0.031957924,-0.05609473,-0.0654276
-0.2766973,-0.54333913,0.0048904805,0.21977127
-0.8576792,-0.3282271,-0.001676872,-0.25793248
-0.47358915,-0.16001563,0.0057512373,-0.21293768
-0.43538487,-0.37091395,0.03485609,0.0020983443
-0.14375322,-0.59460956,-0.017703436,0.3117269
-0.1946393,-0.5302535,-0.027836988,0.18714258
-0.16272913,-0.34889176,-0.011651876,-0.058033507
0.03457169,0.18492438,-0.049001105,-0.32944497
0.024496473,-0.00050676294,-0.046871834,-0.14583479
-0.21182172,-0.3678464,-0.007614603,-0.065573536
-0.6969531,-0.34707186,-0.013635918,-0.09818434
-0.6978571,-0.71930075,-0.004515976,0.34574595
-0.1039236,-0.5960386,-0.03238636,0.3434051
-0.46476707,-0.17799483,0.025462927,-0.24208665
-0.18058386,-0.34854206,-0.008193537,-0.06574623
-0.681627,-0.40008262,-0.034035273,0.032120097
0.014162958,-0.007397776,-0.01568645,0.006329903
-0.4664876,-0.35507736,0.0041827844,0.078422636
-0.69192266,-0.38397393,-0.00062073633,0.18569137
-0.025028981,0.1779594,0.016828006,-0.17548004
-0.9923792,-0.7174342,-0.012383943,0.30459723
-0.68046635,-0.3839833,-0.0021892525,0.18589927
0.010731081,-0.41109505,-0.053236432,0.2754688
-0.56620187,-0.15817699,-0.020755356,-0.25353435
-0.2221729,-0.3744722,0.0039153458,-0.023914965
-0.49297354,-0.52597666,-0.010846343,0.09272008
-0.53503346,-0.5253445,-0.003829842,0.07876847
-0.31362835,-0.52633965,-0.0049418905,0.10072237
-0.45376754,-0.1772211,0.029792238,-0.25919726
-0.0034366106,0.010102522,0.0029771389,0.04595172
-0.8809785,-0.37511435,-0.014418915,0.09476776
-0.86340666,-0.5394118,-0.010518301,0.13314314
-0.6422945,-0.18924835,-0.0053284112,-0.098247156
-0.7719685,-0.18851978,0.0018655523,-0.1143194
-0.90474445,-0.3815205,-0.007968846,0.13157432
-0.8642437,-0.5233251,-0.0068355217,0.03422105
-0.28634703,-0.57060784,0.019026577,0.29116756
-1.3168274,-0.32489043,-0.0019541713,-0.33153826
-0.59268284,-0.189716,-0.0044473656,-0.0879307
-0.7394254,-0.5412591,-0.012623595,0.173903
0.009688791,-0.38890246,-0.05990682,0.2950006
-0.8565187,-0.3443962,-0.007374215,-0.1572043
-1.258255,-0.5298602,-0.0018309585,-0.077571206
-0.83646846,-0.3824916,-0.0071966797,0.15299621
-0.9340233,-0.5382224,-0.014383174,0.10690821
-0.018210787,0.15854503,0.03780124,-0.25632593
-0.05505424,-0.35380867,-0.04447562,0.05048608
-0.013391803,0.15665208,0.03033101,-0.21447055
-0.70995766,-0.18198745,0.0008794791,-0.15391481
0.01539426,-0.36270612,-0.058432307,0.24717216
0.03118953,0.012641946,-0.032985218,-0.010072595
-0.45205402,-0.33129674,-0.0032004365,-0.1902172
0.028460726,-0.001903658,-0.047816508,-0.11499416
-1.4246415,-0.71403635,-0.0058744727,0.22961208
-0.6454204,-0.5245754,-0.010236934,0.06180567
-1.0435197,-0.36486116,-0.034345854,-0.13149779
-0.19189604,-0.5697208,-0.0064380397,0.27157238
-0.15994269,-0.53192246,-0.032889538,0.22401625
-0.5967834,-0.54598856,-0.03597853,0.278429
-0.81416196,-0.37650397,-0.006533889,0.12541492
-0.7528504,-0.38370126,-0.0030269034,0.17967789
-0.54554033,-0.33016783,-0.0022544726,-0.21512032
-0.026602063,-0.35675028,-0.05177609,0.115487546
-0.85166955,-0.3937027,-0.010262803,-0.10864307
-0.5869983,-0.18157847,0.005136476,-0.16294022
-0.06953071,-0.5687751,-0.050631918,0.3557341
-0.010258761,-0.03889008,0.026041599,0.087623715
-1.2437537,-0.7250699,-0.006172003,0.21705222
-0.8364674,-0.37617624,-0.008428754,0.11818679
-0.45978278,-0.18674849,0.00788111,-0.15339983
-0.65046114,-0.5435483,-0.023091258,0.22445813
-0.53189427,-0.3830902,0.006257725,0.16619839
0.03587853,0.20925197,-0.040065072,-0.33580565
-0.6207206,-0.40346757,-0.020052694,0.10679609
-0.40505365,-0.40722424,0.022959618,0.18968749
-0.34206024,-0.3679772,0.013334358,-0.062693
-0.17455244,-0.368619,-0.01488654,-0.04853406
-0.016191434,-0.35817572,-0.051485755,0.14697711
-0.7135974,-0.37712198,-0.002198817,0.13904545
-1.1538141,-0.74849236,-0.045926545,0.30844063
-1.1319703,-0.52129984,-0.005922278,-0.010455973
-0.48485658,-0.40953735,-0.030560143,0.24080327
0.038145218,0.01922003,-0.052440975,-0.15537903
0.04310743,-0.028791947,-0.05176111,-0.13534
0.012937041,0.003708944,-0.051399548,-0.23897086
-1.0249915,-0.36590955,-0.03563593,-0.1083633
-0.5469319,-0.4063197,-0.018745238,0.16972579
0.03197124,0.022325454,-0.055207945,-0.22399844
-0.6537654,-0.18906802,-0.0034383559,-0.102224804
-0.821692,-0.18128902,-0.0040255906,-0.1693222
-0.6147106,-0.54504526,-0.030917568,0.25755438
-0.036073178,0.1787665,0.030222112,-0.19335364
-0.07173998,-0.20806405,-0.038866382,-0.19225594
-0.7216676,-0.5416051,-0.013944241,0.18154065
-0.11605573,-0.5453958,-0.025110597,0.26524404
-0.8441183,-0.18726732,-0.004136755,-0.14194839
-0.36913443,-0.18443654,0.017434625,-0.20443349
-0.72477925,-0.3770989,-0.0025045152,0.13853616
-1.5154283,-0.32309452,-0.0052364473,-0.37115604
-0.05092416,-0.37584814,-0.05051148,0.111091256
0.038270175,-0.00946701,-0.055590004,-0.052608453
-0.61654896,-0.20858468,-0.01643958,-0.18065573
-0.9010151,-0.18646728,-0.00477689,-0.1595978
-0.019338742,0.22141494,-0.041427992,-0.34819332
-0.6410098,-0.20749825,-0.019863034,-0.20463566
-0.012671459,0.0299683,-0.055808585,-0.13653494
-0.6465039,-0.37708628,-0.0004221023,0.13825727
0.03144237,0.20822105,-0.03318667,-0.31297755
-0.6129714,-0.37693965,0.00077948533,0.13502264
-1.3480245,-0.51972777,-0.0043645864,-0.04513525
0.033848528,-0.20220208,-0.053960934,0.18779889
-0.5661921,-0.38385007,0.00939743,0.18296416
-0.5906299,-0.37677357,0.0018776717,0.1313587
0.033019047,0.15627548,-0.017882593,-0.20607622
-0.84064704,-0.32822174,0.002774158,-0.25805408
-1.7598944,-0.51571894,-0.008289639,-0.13357103
-0.38034737,-0.40591154,0.020968743,0.16071695
-0.47583044,-0.52620155,-0.008844297,0.097678915
-0.2107806,-0.56961507,-0.0014692749,0.26923102
-0.051383834,-0.4048675,-0.04053587,0.13777561
-0.45731196,-0.37275544,0.024608294,0.042731676
-0.08836564,-0.567443,-0.04256673,0.32616672
-0.049180117,-0.011572373,0.045486603,-0.006089409
-0.010462485,0.37259248,0.00074313843,-0.45735484
-1.4661481,-0.71375674,-0.011063442,0.22345665
-0.7502506,-0.34595877,-0.0091455355,-0.12273537
-0.14658503,-0.37550247,-0.017055102,-0.0011876379
-0.6316868,-0.18188329,0.003058942,-0.15621382
-0.4711574,-0.1869297,0.007648292,-0.14940163
-0.41319814,-0.21243817,0.026753366,-0.0956651
-0.61565703,-0.18947656,4.9546496e-05,-0.09321209
0.013787502,0.01039021,-0.013040131,0.03960885
-0.5395561,-0.18805839,0.0095816925,-0.12450384
-0.6428654,-0.18192601,0.002683317,-0.15527098
-1.124436,-0.5552709,-0.042719986,0.057361856
-0.22252952,-0.33402377,-0.022962043,-0.13009141
-0.8457255,-0.539662,-0.010147468,0.13866264
-1.1984103,-0.5209054,-0.0017291461,-0.019156402
-0.13575816,-0.3997533,-0.018200265,0.024841482
-0.791835,-0.37674105,-0.0051136194,0.13064371
-1.0569614,-0.53409654,-0.035294328,0.01588976
-0.42436492,-0.52656776,-0.0036365625,0.105753265
-1.1829201,-0.5305903,-0.011064971,-0.061469506
0.00799259,0.17774653,-0.020887913,-0.17078547
0.02152835,0.15412399,-0.011504962,-0.15859593
-0.1953717,-0.3987704,0.0009280989,0.0031550692
-0.12509345,-0.53399223,-0.041313555,0.2697998
-1.1423963,-0.7163363,-0.0061313976,0.28035253
-0.27421707,-0.72218347,-0.023271464,0.4094825
-0.07243387,-0.53834397,-0.062482737,0.3663425
