leg1hip,leg1hip,leg1hip,leg1hip,leg1hip,leg1hip,leg1hip,leg1hip,leg1hip,leg1hip,leg1hip,leg1hip,leg1hip,leg1hip,leg1hip,leg1hip,leg1hip,leg1hip,leg1hip,leg1hip,leg1hip,leg1hip,leg1hip,leg1hip,leg1knee,leg1knee,leg1knee,leg1knee,leg1knee,leg1knee,leg1knee,leg1knee,leg1knee,leg1knee,leg1knee,leg1knee,leg1knee,leg1knee,leg1knee,leg1knee,leg1knee,leg1knee,leg1knee,leg1knee,leg1knee,leg1knee,leg1knee,leg1knee,leg2hip,leg2hip,leg2hip,leg2hip,leg2hip,leg2hip,leg2hip,leg2hip,leg2hip,leg2hip,leg2hip,leg2hip,leg2hip,leg2hip,leg2hip,leg2hip,leg2hip,leg2hip,leg2hip,leg2hip,leg2hip,leg2hip,leg2hip,leg2hip,leg2knee,leg2knee,leg2knee,leg2knee,leg2knee,leg2knee,leg2knee,leg2knee,leg2knee,leg2knee,leg2knee,leg2knee,leg2knee,leg2knee,leg2knee,leg2knee,leg2knee,leg2knee,leg2knee,leg2knee,leg2knee,leg2knee,leg2knee,leg2knee
Hull Angle,Hull Angular Velocity,Velocity X,Velocity Y,Hip Joint 1 Angle,Hip Joint 1 Speed,Knee Joint 1 Angle,Knee Joint 1 Speed,Leg 1 Ground Contact Flag,Hip Joint 2 Angle,Hip Joint 2 Speed,Knee Joint 2 Angle,Knee Joint 2 Speed,Leg 2 Ground Contact Flag,Lidar Sensor 1,Lidar Sensor 2,Lidar Sensor 3,Lidar Sensor 4,Lidar Sensor 5,Lidar Sensor 6,Lidar Sensor 7,Lidar Sensor 8,Lidar Sensor 9,Lidar Sensor 10,Hull Angle,Hull Angular Velocity,Velocity X,Velocity Y,Hip Joint 1 Angle,Hip Joint 1 Speed,Knee Joint 1 Angle,Knee Joint 1 Speed,Leg 1 Ground Contact Flag,Hip Joint 2 Angle,Hip Joint 2 Speed,Knee Joint 2 Angle,Knee Joint 2 Speed,Leg 2 Ground Contact Flag,Lidar Sensor 1,Lidar Sensor 2,Lidar Sensor 3,Lidar Sensor 4,Lidar Sensor 5,Lidar Sensor 6,Lidar Sensor 7,Lidar Sensor 8,Lidar Sensor 9,Lidar Sensor 10,Hull Angle,Hull Angular Velocity,Velocity X,Velocity Y,Hip Joint 1 Angle,Hip Joint 1 Speed,Knee Joint 1 Angle,Knee Joint 1 Speed,Leg 1 Ground Contact Flag,Hip Joint 2 Angle,Hip Joint 2 Speed,Knee Joint 2 Angle,Knee Joint 2 Speed,Leg 2 Ground Contact Flag,Lidar Sensor 1,Lidar Sensor 2,Lidar Sensor 3,Lidar Sensor 4,Lidar Sensor 5,Lidar Sensor 6,Lidar Sensor 7,Lidar Sensor 8,Lidar Sensor 9,Lidar Sensor 10,Hull Angle,Hull Angular Velocity,Velocity X,Velocity Y,Hip Joint 1 Angle,Hip Joint 1 Speed,Knee Joint 1 Angle,Knee Joint 1 Speed,Leg 1 Ground Contact Flag,Hip Joint 2 Angle,Hip Joint 2 Speed,Knee Joint 2 Angle,Knee Joint 2 Speed,Leg 2 Ground Contact Flag,Lidar Sensor 1,Lidar Sensor 2,Lidar Sensor 3,Lidar Sensor 4,Lidar Sensor 5,Lidar Sensor 6,Lidar Sensor 7,Lidar Sensor 8,Lidar Sensor 9,Lidar Sensor 10
1.7082691,1.0108948,1.4054775,2.8634071,2.7370453,1.4412403,0.3004074,0.36120415,0.1513958,0.42557716,0.28848648,3.0088425,0.08225441,0.34928322,0.41007996,0.43272972,0.57578087,0.5042553,0.38146973,0.79393387,0.55909157,0.22053719,0.4541874,0.27894974,3.2824278,2.1538138,1.4790893,3.0064583,0.97483397,1.4778972,5.670786,0.26792288,0.14662743,1.2502074,0.78201294,1.360178,0.06645918,0.41037798,0.84757805,0.54359436,0.9161234,0.9095669,0.91671944,0.8481741,1.5088916,0.058412552,0.016987324,0.32246113,0.8010864,0.23752451,0.4336238,0.83357096,0.005066395,0.52034855,0.17523766,0.54985285,0.057518482,0.30308962,0.3629923,1.8721819,0.8150935,0.8559227,0.4222989,0.218153,0.4592538,0.56385994,0.52183867,0.42945147,0.67442656,0.1463294,0.11205673,0.060498714,3.9935112,0.2169609,1.3035536,3.388524,0.19550323,1.8429756,0.052452087,0.38027763,0.3361702,0.41663647,0.38683414,8.506179,0.6592274,1.603365,0.5698204,0.61511993,1.3941526,1.8537045,2.0998716,1.5610456,1.8274784,0.4863739,0.9739399,0.44226646
1.6254187,1.3038516,1.2895465,3.336668,3.7145615,0.7581711,1.527071,0.08493662,0.051259995,0.4762411,0.36031008,4.144609,0.018775463,0.049173832,0.46104193,0.40203333,0.8109212,0.36895275,0.17791986,0.8496642,0.7379055,0.5418062,0.66280365,0.21576881,4.296303,3.8945675,2.090931,4.2152405,0.7033348,2.1576881,8.897781,0.9393692,0.2861023,1.4638901,0.17404556,1.2731552,0.08583069,0.10251999,1.1539459,0.4518032,0.52571297,1.1539459,1.0287762,0.7534027,1.5580654,0.23365021,0.16927719,0.49948692,0.64373016,0.012516975,0.37372112,1.450181,0.03159046,0.72568655,0.47326088,0.13291836,0.054836273,0.2786517,0.58710575,2.1064281,0.29921532,0.035762787,0.58978796,0.061392784,0.66548586,0.551641,0.35107136,0.5406141,0.7390976,0.12218952,0.06735325,0.07033348,2.95043,0.0333786,1.0612607,3.92586,0.22947788,1.437664,0.088214874,0.23543835,0.44852495,0.5045533,0.3927946,8.002222,0.1758337,0.22351742,0.73701143,0.42796135,1.4257431,1.5982985,1.2338161,1.3831258,1.5228987,0.38176775,0.6943941,0.23216009
1.873076,1.4340878,2.5576353,4.03136,3.9497018,2.374053,0.8149445,0.27880073,0.5362928,0.5416572,0.53822994,4.273802,0.058561563,0.5221367,0.5453825,0.70244074,0.7984042,0.8139014,0.44569373,1.0296702,0.6635487,0.6939471,0.91835856,0.0590086,4.4727325,2.8899312,2.681464,2.847761,0.43049455,3.0587614,8.104145,0.05349517,0.18447638,2.0074844,0.77813864,0.02130866,0.087320805,0.57041645,0.8197129,0.86665154,0.75772405,1.1524558,1.3063848,0.80242753,1.7893314,0.14677644,0.09089708,0.31501055,0.872612,0.0783056,0.35747886,1.1140853,0.31128526,0.44979155,0.3940612,0.2785027,0.06310642,0.37021935,0.47765672,1.7955899,0.6107986,0.6891042,0.3695488,0.29042363,0.32186508,0.45612454,0.51774085,0.5118549,0.53048134,0.038295984,0.10244548,0.07279217,3.31074,0.17046928,1.2543797,3.067255,0.61273575,1.8298626,0.31083822,0.4428625,0.039041042,0.5418062,0.53167343,7.418096,0.6201863,1.3014674,0.45120716,0.5123019,1.5360117,1.7529726,1.7178059,1.2725592,1.1789799,0.24914742,0.42378902,0.34570694
1.9875169,1.693964,0.9918213,3.530085,3.2696128,0.38474798,0.08881092,0.24467707,0.0628829,0.3939867,0.4130602,3.4108758,0.35822392,0.08702278,0.56922436,0.48220158,0.9575486,0.6595254,0.40709972,0.89883804,0.86933374,0.46551228,0.6106496,0.22768974,4.193783,3.373623,1.8167496,4.210472,0.48160553,1.7309189,7.0881844,0.41484833,0.1335144,1.4138222,0.15258789,0.047683716,0.038146973,0.09775162,0.5221367,0.5745888,0.71287155,1.2183189,0.83208084,0.8249283,1.4710426,0.1001358,0.092983246,0.42915344,0.97602606,0.08970499,0.2783537,1.9618869,0.23961067,0.75399876,0.5310774,0.0962615,0.11771917,0.26643276,0.62942505,2.7227402,0.42259693,0.023245811,0.6327033,0.20265579,0.8612871,0.6183982,0.53703785,0.67055225,0.7778406,0.115036964,0.07212162,0.06198883,3.014803,0.26077032,1.1014938,3.8647652,0.07927418,1.0460615,1.5050173,0.17046928,0.28640032,0.38951635,0.33468008,6.6822767,0.4196167,0.038146973,0.9071827,0.66131353,1.5181303,1.6316772,1.4087558,1.1923909,1.5330315,0.32186508,0.65147877,0.23186207
2.2614002,1.5503168,2.0420551,4.1657686,3.8385391,1.4054775,0.38146973,1.0448694,0.47147274,0.29861927,0.7069111,4.173517,0.08106232,0.3927946,0.42140484,0.7849932,1.0091066,0.56028366,0.46670437,1.4650822,0.6121397,0.36597252,0.7480383,0.24199486,4.301667,2.8935075,2.4309754,4.0644407,1.0719895,2.4041533,7.9640746,0.7802248,0.056624413,1.7607212,0.8159876,0.9813905,0.33915043,0.6964803,0.9214878,0.37550926,1.0281801,1.1879206,1.1467934,0.9280443,2.3937225,0.18596649,0.15199184,0.47504902,1.0359287,0.07390976,0.05722046,1.6856194,0.6520748,0.64373016,0.29683113,0.47445297,0.2002716,0.41365623,0.6234646,2.683401,1.283884,0.8749962,0.54597855,0.45657158,0.77962875,0.72956085,0.654459,0.73313713,0.9202957,0.08225441,0.06914139,0.015497208,4.042685,0.09089708,1.4895201,4.0847063,0.49769878,1.462698,0.59485435,0.23543835,0.58978796,0.3874302,0.6699562,8.817614,0.37938356,1.0937452,0.44375658,0.8547306,1.4308095,2.192855,2.116263,1.7717481,2.05189,0.24497509,0.7259846,0.33527613
2.2274256,1.9520521,1.3118982,4.246831,3.7372112,0.692606,0.26345253,0.28550625,0.02861023,0.31471252,0.57041645,4.015565,0.55491924,0.04172325,0.5620718,0.4887581,0.9763241,0.6914139,0.5221367,1.0043383,1.0359287,0.52809715,0.77068806,0.3015995,4.2676926,2.9802322,1.7976761,3.8290024,0.7581711,1.9979477,6.799698,0.1001358,0.009536743,1.4829636,0.40531158,0.5197525,0.052452087,0.0333786,0.5078316,0.61511993,0.7390976,1.2207031,0.8702278,0.84400177,1.5592575,0.06198883,0.0333786,0.4339218,1.1381507,0.042319298,0.15586615,2.0599365,0.5084276,0.7659197,0.46938658,0.23156404,0.27805567,0.13113022,0.7727742,3.1331182,0.72717667,0.26583672,0.5453825,0.24348497,0.795424,0.5167723,0.53584576,0.72807074,0.68068504,0.005364418,0.066161156,0.10073185,3.2395124,0.25987625,1.1828542,3.6719441,0.33020973,1.013875,2.0432472,0.28252602,0.43720007,0.18924475,0.5841255,6.426573,0.5668402,0.22619963,0.84221363,0.57578087,1.4859438,1.4805794,1.3250113,1.1187792,1.3273954,0.26851892,0.539124,0.32246113
2.3174286,1.1086464,1.2302399,3.619194,2.6130676,1.5711784,0.2503395,0.27298927,0.4005432,0.5245209,0.42557716,3.9982796,0.17046928,0.7545948,0.2169609,0.6663799,0.5888939,0.6592274,0.7843971,0.9870529,0.6902218,0.38981438,0.40531158,0.34928322,3.3658743,2.1344423,1.3560057,3.604889,1.0561943,1.3500452,5.5223703,0.04351139,0.31471252,1.3649464,0.9638071,1.5330315,0.013113022,0.74505806,0.8457899,0.38981438,1.1003017,1.1366606,0.9191036,0.9161234,1.783371,0.09179115,0.18596649,0.32186508,1.1402369,0.43213367,0.16629696,1.4793873,0.25451183,1.0430813,0.20384789,0.7212162,0.24914742,0.39041042,0.5066395,2.84791,1.4746189,1.2093782,0.34749508,0.33855438,0.7760525,0.8457899,0.8291006,0.6854534,0.97215176,0.01013279,0.059604645,0.06437302,4.6893954,0.2130866,1.4325976,4.335046,0.39756298,1.9270182,0.03427267,0.28848648,0.40382147,0.7227063,0.7879734,9.672939,1.0061264,2.1478534,0.33259392,0.744462,1.7169118,2.4482608,2.6276708,2.0244718,2.0423532,0.4339218,0.97095966,0.5835295
2.0474195,1.7428398,1.5366077,4.10378,3.44038,1.1324883,0.48279762,0.3117323,0.18954277,0.2348423,0.53942204,3.5488605,0.5364418,0.035762787,0.6556511,0.564456,0.9024143,0.83625317,0.40590763,1.077652,0.8994341,0.62584877,0.8678436,0.3182888,4.171133,2.9468536,1.9729137,3.5583973,0.7879734,2.13027,6.8068504,0.19907951,0.056028366,1.5735626,0.49114227,0.72836876,0.08583069,0.071525574,0.39577484,0.53048134,0.98347664,1.2612343,0.95009804,0.8583069,1.680851,0.030994415,0.019073486,0.40769577,1.2898445,0.054836273,0.18179417,1.9988418,0.46670437,0.66936016,0.41425228,0.33557415,0.2786517,0.14007092,0.84251165,3.1459332,0.8934736,0.5277991,0.5427003,0.3528595,0.74088573,0.65356493,0.62793493,0.8133054,0.7367134,0.030100346,0.16272068,0.14036894,3.4177303,0.023841858,1.4555454,3.44038,0.55909157,0.9268522,1.8650293,0.5328655,0.26226044,0.3415346,0.7277727,6.572604,0.76174736,0.5686283,0.77188015,0.5197525,1.655817,1.7601252,1.5121698,1.3488531,1.4477968,0.22649765,0.3606081,0.4208088
1.8012524,0.96559525,1.1771917,3.068447,3.721118,0.62942505,2.1505356,0.048279762,0.14781952,0.32186508,0.5674362,4.327297,0.21398067,0.27894974,0.084638596,0.5429983,0.9572506,0.46253204,0.4428625,1.308918,0.5185604,0.35107136,0.487566,0.37789345,5.36263,4.67062,2.54035,4.8047304,0.78618526,2.2566319,10.716915,1.565814,0.41365623,1.8000603,0.1180172,1.0251999,0.5078316,0.4339218,1.0865927,0.6747246,0.7224083,1.3536215,1.6313791,0.7724762,2.0599365,0.016093254,0.54597855,0.47683716,1.115799,0.058412552,0.31113625,1.7112494,0.6067753,0.49233437,0.23007393,0.44465065,0.13053417,0.36478043,0.756979,2.707243,0.82552433,0.5596876,0.4929304,0.29206276,0.8267164,0.8183718,0.6622076,0.8738041,0.8571148,0.092983246,0.12397766,0.06556511,3.1995773,0.0962615,1.0865927,3.9431453,0.8353591,0.84102154,0.43302774,0.26583672,0.3296137,0.52809715,0.56922436,8.421242,0.24080276,0.9635091,0.30249357,0.8612871,1.565218,1.9279122,1.8301606,1.8331409,1.5336275,0.2926588,0.94234943,0.29981136
2.2161007,0.9864569,1.7809868,4.0256977,4.630685,1.2165308,2.2101402,0.333786,0.022649765,0.60498714,0.5567074,5.3691864,0.2169609,0.3951788,0.31530857,0.60915947,1.193285,0.5275011,0.5841255,1.090169,0.6866455,0.83863735,0.93221664,0.30875206,5.7628007,5.6040287,2.971366,5.6601315,0.6184727,2.7907639,12.358353,2.4932623,0.024065375,1.9440055,0.07361174,2.0103903,0.37893653,0.39801002,1.1690706,0.7324666,0.6236881,1.5299767,1.096502,0.6380677,2.249107,0.36537647,0.29802322,0.6917119,0.96708536,0.036656857,0.1502037,2.1249056,0.5096197,0.9700656,0.4297495,0.18835068,0.19550323,0.5200505,0.7483363,2.9146671,0.43153763,0.18715858,0.62555075,0.22351742,0.9584427,0.6145239,0.4801154,0.6124377,0.8365512,0.078082085,0.04708767,0.12457371,3.2830238,0.8517504,0.4786253,4.5096874,0.90271235,2.2220612,1.1557341,0.8931756,0.06258488,0.50902367,0.6273389,10.518432,0.092983246,0.5918741,0.5954504,0.73313713,2.0515919,1.7908216,1.8420815,1.3256073,1.5380979,0.11175871,0.5531311,0.35524368
1.8587708,1.1253357,1.3065338,3.682971,4.168749,0.8767843,1.5622377,0.27775764,0.033974648,0.46014786,0.56147575,4.5594573,0.004172325,0.1090765,0.44584274,0.5501509,1.0234118,0.44882298,0.43481588,1.0576844,0.641942,0.6598234,0.72807074,0.40501356,5.199909,4.6133995,2.4235249,4.87566,1.1122227,1.8954277,9.7978115,1.7523766,0.6866455,1.540184,0.12397766,0.9870529,0.27179718,0.042915344,0.81062317,0.5328655,0.5185604,1.5807152,1.4126301,0.74744225,1.6868114,0.39815903,0.59366226,0.46133995,0.7045269,0.012814999,0.13798475,1.7225742,0.30219555,0.8478761,0.020563602,0.333786,0.13172626,0.39160252,0.64849854,2.6392937,0.2861023,0.10371208,0.6660819,0.20861626,0.82820654,0.6455183,0.4169345,0.68962574,0.6520748,0.01937151,0.09715557,0.03606081,3.1547995,0.35971403,0.7661432,4.5848637,0.8223951,1.3107061,0.28699636,0.5015731,0.4377216,0.70534647,0.50492585,8.232519,0.12204051,0.27053058,0.93102455,0.89488924,1.7011166,1.8350035,1.3694912,1.5214831,1.4194101,0.045970082,0.55499375,0.30830503
2.3436546,1.3482571,1.1265278,3.4606457,2.9337406,0.88095665,0.027418137,0.6759167,0.2193451,0.44822693,0.74863434,3.707409,0.034570694,0.41007996,0.30994415,0.5340576,0.9441376,0.4029274,0.69737434,1.168251,0.57578087,0.19431114,0.40531158,0.333786,3.3706427,2.4604797,1.565814,3.9964914,1.4030933,1.4913082,5.785227,0.035464764,0.5489588,1.2212992,0.731647,1.5893579,0.16391277,0.49114227,0.89645386,0.3889203,1.1020899,1.0666251,0.80406666,1.2531877,2.041161,0.15676022,0.01937151,0.5468726,1.0681152,0.14781952,0.08106232,1.6450882,0.7200241,0.54836273,0.104904175,0.56266785,0.101327896,0.3349781,0.6699562,2.7680397,1.181364,0.8940697,0.4708767,0.3695488,0.81419945,0.6735325,0.6723404,0.69499016,0.9059906,0.08225441,0.054836273,0.06198883,4.5984983,0.034570694,1.1360645,4.5382977,0.24676323,1.552701,0.30696392,0.17285347,0.7379055,0.25629997,0.8678436,9.582043,0.25749207,1.3434887,0.308156,0.88334084,1.4722347,2.014637,2.3329258,1.8024445,2.1022558,0.08106232,0.7849932,0.4506111
2.1600723,1.0824203,1.4996529,3.9726496,3.0046701,1.6105175,0.27656555,0.2926588,0.47922134,0.436306,0.461936,3.8075447,0.13709068,0.7534027,0.38921833,0.7814169,0.5233288,0.6711483,0.64730644,0.9340048,0.7212162,0.5578995,0.43094158,0.29742718,3.4064054,2.2244453,1.4424324,3.6221743,1.0466576,1.4907122,5.7321787,0.09179115,0.3963709,1.4162064,1.0716915,1.4185905,0.09894371,0.834465,0.83625317,0.4595518,1.1008978,0.9185076,0.8946657,0.8100271,1.8316507,0.1513958,0.2193451,0.31352043,1.090765,0.49829483,0.115036964,1.5479326,0.24139881,1.0299683,0.17106533,0.7355213,0.2872944,0.34213066,0.44882298,2.7740002,1.4311075,1.232624,0.41544437,0.37312508,0.75399876,0.83625317,0.8058548,0.6389618,0.9202957,0.0667572,0.09417534,0.016093254,4.3448806,0.41231513,1.4941394,4.160106,0.67204237,1.8416345,0.04261732,0.2874434,0.2168119,0.718683,0.5747378,9.066015,1.0231137,2.2137165,0.33318996,0.77828765,1.5817583,2.3172796,2.439171,1.911819,1.796782,0.24542212,0.92849135,0.45090914
1.373291,1.1098385,1.783371,2.834797,3.0767918,1.5676022,0.38087368,0.19729137,0.088214874,0.47564507,0.32305717,2.8848648,0.09953976,0.21398067,0.5543232,0.40233135,0.59723854,0.47564507,0.25331974,0.7414818,0.4851818,0.3504753,0.49889088,0.17464161,3.8993359,2.733171,2.0739436,2.6747584,0.81181526,2.502203,7.2315335,0.17911196,0.20414591,1.6695261,0.9840727,0.24318695,0.08583069,0.63449144,0.8571148,0.6997585,0.6723404,0.99897385,1.0952353,0.8428097,1.4698505,0.19937754,0.024437904,0.44584274,0.45970082,0.094771385,0.3156066,0.5340576,0.10848045,0.3156066,0.16853213,0.3375113,0.021606684,0.24616718,0.40650368,1.2010336,0.5507469,0.61422586,0.33691525,0.23126602,0.27567148,0.31799078,0.34689903,0.3658235,0.36880374,0.028312206,0.06407499,0.0692904,2.8544664,0.22053719,1.2606382,2.3633242,0.46253204,1.6337633,0.101327896,0.5143881,0.15377998,0.3373623,0.32246113,6.533265,0.45239925,1.1575222,0.7069111,0.3772974,1.2820959,1.4591217,1.4519691,1.2880564,1.0281801,0.40113926,0.7915497,0.49114227
1.9532442,1.8054247,1.6504526,3.9720535,3.322959,1.2028217,0.5441904,0.551939,0.47683716,0.37550926,0.5286932,3.2746792,0.23901463,0.0035762787,0.5185604,0.78856945,0.8690357,0.4440546,0.4887581,0.9441376,0.7790327,0.58948994,0.65743923,0.119805336,3.9172173,2.8824806,1.8000603,3.054142,0.8678436,2.1147728,6.1655045,0.18000603,0.3683567,1.5461445,0.71167946,0.4851818,0.02861023,0.19431114,0.2539158,0.7915497,0.5888939,1.2493134,1.308918,0.8010864,1.1348724,0.07271767,0.044107437,0.37908554,0.8377433,0.017881393,0.3144145,1.3756752,0.22262335,0.81151724,0.0795722,0.055134296,0.112354755,0.28580427,0.59247017,2.449751,0.6496906,0.50514936,0.44971704,0.36478043,0.5912781,0.40143728,0.6002188,0.5760789,0.61780214,0.013113022,0.08314848,0.0756979,2.9478967,0.20340085,1.6880035,2.7098508,0.84385276,0.885278,1.232177,0.11116266,0.30100346,0.35762787,0.4310161,5.959496,0.6119907,0.5868077,0.5953759,0.61273575,1.4302135,1.2696534,1.5115738,1.1724979,1.1914968,0.28893352,0.7869303,0.41402876
2.309084,1.2123585,1.5330315,3.8421154,3.0839443,1.6760826,0.13828278,0.27418137,0.3862381,0.5733967,0.46253204,4.031658,0.22172928,0.61392784,0.47922134,0.71644783,0.74625015,0.7069111,0.66518784,1.0561943,0.8380413,0.30755997,0.54597855,0.3027916,3.77357,2.5248528,1.3756752,3.8647652,1.014471,1.5342236,6.0147047,0.025629997,0.45597553,1.4191866,0.91433525,1.6146898,0.057816505,0.6622076,0.89108944,0.4720688,1.2534857,1.1241436,0.98347664,0.84102154,1.8537045,0.26762486,0.13887882,0.2503395,1.1706352,0.46730042,0.13053417,1.5354156,0.31411648,1.0538101,0.12636185,0.7146597,0.2872944,0.3939867,0.5185604,2.9420853,1.4781952,1.1605024,0.44703484,0.33795834,0.84519386,0.8505583,0.8171797,0.7247925,0.96321106,0.04887581,0.033974648,0.0590086,4.6776237,0.30577183,1.476407,4.3538213,0.35583973,2.015531,0.13068318,0.24273992,0.18835068,0.8428097,0.7478893,9.666234,1.154542,2.0630658,0.43660402,0.7465482,1.7765164,2.3818016,2.5457144,2.192855,1.9228458,0.52049756,0.7869303,0.5480647
2.450347,1.7875433,1.1366606,3.9947033,3.7062168,0.27775764,0.1436472,0.1680851,0.02861023,0.49352646,0.5084276,3.9047003,0.45120716,0.05722046,0.45776367,0.53048134,1.1795759,0.72181225,0.47147274,1.1873245,0.8392334,0.57041645,0.6467104,0.18119812,4.312992,3.182888,1.9860268,4.105568,0.66280365,1.8548965,7.1573257,0.24318695,0.17642975,1.399517,0.021457672,0.0333786,0.052452087,0.021457672,0.5531311,0.42676926,0.7748604,1.1491776,0.8249283,0.72956085,1.7023087,0.07390976,0.1001358,0.37670135,1.257658,0.02026558,0.10371208,2.079606,0.6914139,0.48935413,0.44465065,0.30636787,0.22351742,0.27954578,0.7522106,3.0320883,0.8690357,0.33855438,0.67293644,0.39994717,0.81300735,0.7992983,0.45597553,0.7945299,0.7933378,0.10728836,0.07867813,0.057816505,3.2131374,0.072568655,1.0308623,3.874004,0.03427267,0.87186694,1.3503432,0.3184378,0.18566847,0.3412366,0.44196844,7.143468,0.31515956,0.32871962,0.7560849,0.6829202,1.5255809,1.8264353,1.3151765,1.1993945,1.5123188,0.16391277,0.68053603,0.3489852
2.501011,1.4978647,1.2737513,3.8421154,3.0094385,1.2367964,0.30696392,0.7522106,0.37491322,0.5185604,0.6842613,3.8456917,0.121593475,0.38981438,0.42498112,0.641346,0.8046627,0.63598156,0.69379807,1.1914968,0.7647276,0.21278858,0.57578087,0.4529953,3.7002563,2.514571,1.6604364,4.208684,1.3899803,1.7046928,6.450862,0.29414892,0.1449883,1.681596,0.7028878,1.9484758,0.09089708,0.5349517,1.15484,0.53852797,1.2087822,1.2171268,0.97185373,1.0457635,2.0375848,0.15228987,0.02592802,0.52317977,1.1646748,0.04053116,0.16927719,1.8286705,0.641346,0.61273575,0.36120415,0.5710125,0.20980835,0.39815903,0.7033348,2.7620792,1.2159348,0.86426735,0.51259995,0.42438507,0.7748604,0.7879734,0.6580353,0.7545948,1.0585785,0.0667572,0.052452087,0.08225441,4.5594573,0.46432018,1.3485551,4.693866,0.24795532,1.4904141,0.6505847,0.052452087,0.57667494,0.46640635,0.80406666,9.012818,0.4386902,1.154542,0.23126602,0.8404255,1.5562773,2.1368265,2.3719668,1.899004,2.373755,0.38444996,0.8034706,0.54627657
2.2244453,1.0681152,1.2397766,3.209114,2.579689,1.1920929,0.038146973,0.28133392,0.16331673,0.4708767,0.4005432,3.4606457,0.0011920929,0.44703484,0.34332275,0.6341934,0.4696846,0.6175041,0.5173683,0.7009506,0.61392784,0.2014637,0.3361702,0.24318695,3.3092499,2.2143126,1.1044741,3.4362078,1.3291836,1.2159348,5.122423,0.030398369,0.30219555,1.296401,0.7224083,1.7565489,0.17106533,0.56266785,0.97334385,0.40233135,1.2457371,1.0949373,0.8779764,0.95129013,1.7422438,0.0011920929,0.08106232,0.34093857,0.9724498,0.17762184,0.14305115,1.2046099,0.32931566,0.5912781,0.3221631,0.68485737,0.10371208,0.4568696,0.2989173,2.0340085,1.1658669,0.7787347,0.38266182,0.15795231,0.6237626,0.6002188,0.641942,0.49591064,0.89645386,0.030994415,0.049471855,0.035762787,4.5132637,0.007748604,1.3953447,4.0256977,0.44822693,1.6105175,0.2861023,0.1513958,0.5328655,0.6312132,0.7069111,8.92818,0.6788969,1.7023087,0.20384789,0.52571297,1.5050173,2.220869,2.3967028,1.795888,1.8894672,0.42796135,1.0067225,0.40233135
2.1117926,1.8185377,1.7350912,4.00424,3.5601854,1.0442734,0.30755997,0.63836575,0.34928322,0.41544437,0.5835295,3.4075975,0.13172626,0.04053116,0.51915646,0.61810017,0.8201599,0.6121397,0.3105402,1.1795759,0.71525574,0.55909157,0.78082085,0.21576881,4.3678284,3.1387806,1.9955635,3.861189,0.988245,2.1243095,6.892681,0.11444092,0.22649765,1.5854836,0.46014786,0.72717667,0.2169609,0.0059604645,0.6401539,0.6020069,1.026392,1.1861324,1.1515617,0.8094311,1.8429756,0.104904175,0.030994415,0.4887581,1.1885166,0.058412552,0.18954277,1.7231703,0.41127205,0.51140785,0.44465065,0.4529953,0.21755695,0.21100044,0.68485737,2.8795004,0.9524822,0.6479025,0.56922436,0.34332275,0.81419945,0.7891655,0.5441904,0.8916855,0.7599592,0.06258488,0.0923872,0.09596348,3.3730268,0.10788441,1.4913082,2.9987097,0.71406364,0.7426739,1.6665459,0.2527237,0.088214874,0.11622906,0.47683716,6.354451,0.2861023,0.65386295,0.6341934,0.4607439,1.4597178,1.77145,1.3190508,1.4328957,1.3256073,0.12278557,0.6055832,0.55134296
2.0247698,1.8876791,1.1432171,3.593564,3.3324957,0.022649765,0.04708767,0.26226044,0.028014183,0.21576881,0.6133318,2.9194355,0.023841858,0.10371208,0.38802624,0.4386902,0.95129013,0.58054924,0.43034554,1.1461973,0.72956085,0.5829334,0.7891655,0.1835823,4.23193,3.1805038,2.067089,3.8433075,0.68187714,1.8405914,6.5636635,0.39339066,0.44584274,1.5830994,0.14305115,0.71525574,0.11205673,0.20265579,0.4196167,0.72717667,0.71287155,1.2612343,1.0490417,0.49352646,1.3232231,0.038146973,0.2861023,0.19550323,1.0168552,0.021457672,0.22411346,1.6915798,0.320673,0.48041344,0.37312508,0.29802322,0.13113022,0.17523766,0.6246567,2.5367737,0.71167946,0.34928322,0.51379204,0.3695488,0.7009506,0.8022785,0.47683716,0.6902218,0.64849854,0.034570694,0.059604645,0.047683716,2.7358532,0.28133392,1.2338161,3.1983852,0.5674362,0.6008148,1.8155575,0.09059906,0.101327896,0.2002716,0.333786,5.67317,0.21100044,0.21219254,0.5507469,0.6592274,1.2719631,1.7750263,1.1634827,0.9095669,1.244545,0.06318092,0.5209446,0.16927719
1.9171834,1.0973215,2.1001697,4.389584,3.4880638,2.540648,1.0153651,0.30845404,0.8571148,0.4258752,0.72717667,4.745722,0.17821789,0.7611513,0.45150518,0.78082085,0.79602003,0.834465,0.8791685,1.1408329,0.35345554,0.58948994,0.7250905,0.2592802,4.5265255,3.26097,3.0077994,3.7802756,0.34347177,3.3032894,8.512735,0.41469932,0.23320317,1.7507374,1.1737645,0.1731515,0.18954277,1.1223555,0.47117472,0.34168363,1.0186434,1.2822449,0.79646707,0.8164346,2.2897124,0.2078712,0.21547079,0.48100948,0.90003014,0.47922134,0.23066998,1.4859438,0.3004074,1.0955334,0.37133694,0.6598234,0.32663345,0.38862228,0.59485435,2.835989,1.3267994,1.1181831,0.5286932,0.218153,0.74625015,0.78618526,0.7760525,0.7647276,0.7265806,0.036358833,0.035762787,0.07748604,3.5887957,0.48071146,1.2767315,3.7837029,0.44494867,2.1326542,0.033974648,0.38594007,0.07301569,0.5528331,0.67800283,8.774996,0.91433525,1.7261505,0.58054924,0.61005354,1.5443563,2.0977855,2.347231,1.8143654,1.4659762,0.24855137,0.63180923,0.59366226
2.477169,1.2814999,1.270771,3.656149,3.0303001,1.2421608,0.09775162,0.6878376,0.30755997,0.4720688,0.71167946,3.9970875,0.19669533,0.51021576,0.3373623,0.5745888,0.9214878,0.5495548,0.6842613,1.142025,0.66518784,0.12636185,0.49233437,0.37908554,3.5125017,2.3978949,1.5062094,3.9714575,1.4179945,1.4692545,6.0093403,0.1591444,0.5209446,1.2606382,0.61929226,1.5634298,0.088214874,0.51796436,0.8225441,0.47326088,0.9715557,0.97990036,0.8177757,1.1450052,1.9657612,0.16093254,0.0500679,0.5465746,1.1783838,0.15735626,0.03218651,1.8072128,0.74386597,0.71644783,0.1847744,0.6043911,0.23663044,0.36239624,0.7522106,3.0511618,1.2797117,0.9572506,0.5340576,0.42021275,0.79631805,0.731349,0.6967783,0.69618225,0.94771385,0.05364418,0.11026859,0.08523464,4.7135353,0.0029802322,1.0591745,4.797578,0.45895576,1.8554926,0.18954277,0.166893,0.5310774,0.35107136,0.872612,9.920597,0.44465065,1.5860796,0.3671646,1.0287762,1.5926361,2.1135807,2.4533272,1.7511845,2.0956993,0.23722649,0.73492527,0.5334616
2.1749735,1.9544363,1.0752678,4.0745735,3.4034252,0.5143881,0.3373623,0.17464161,0.0071525574,0.3093481,0.5310774,3.6019087,0.36001205,0.26345253,0.6592274,0.4184246,0.95903873,0.6389618,0.40471554,0.94115734,0.9763241,0.5155802,0.7623434,0.14722347,4.425049,3.5250187,1.8525124,4.3559074,0.44465065,1.7094612,7.067919,0.7867813,0.16212463,1.398325,0.09775162,0.269413,0.19311905,0.08940697,0.71525574,0.57935715,0.57697296,1.2135506,0.94771385,0.8058548,1.3160706,0.027418137,0.09179115,0.44345856,1.1605024,0.29712915,0.3683567,2.1263957,0.34481287,0.74625015,0.7867813,0.0059604645,0.017881393,0.31918287,0.7236004,2.6869774,0.48309565,0.022053719,0.76562166,0.08881092,0.8928776,0.75519085,0.5289912,0.7098913,0.82701445,0.06109476,0.0020861626,0.123381615,3.042221,0.3683567,1.3196468,3.4755468,0.6079674,0.9572506,1.808703,0.03516674,0.29563904,0.38862228,0.5093217,6.209314,0.39577484,0.003874302,1.0293722,0.30696392,1.5637279,1.7651916,1.2615323,1.2439489,1.3136864,0.2786517,0.66667795,0.34987926
2.0951033,1.8262863,1.1432171,4.056692,3.00169,0.53167343,0.56266785,0.436306,0.3349781,0.23365021,0.39458275,3.3342838,0.5185604,0.111460686,0.61273575,0.4607439,0.9715557,0.6711483,0.5733967,1.1080503,0.93102455,0.5334616,0.55372715,0.09953976,3.6382675,2.913475,1.4090538,2.9325485,0.61511993,1.6117096,5.288124,0.5030632,0.51498413,1.2612343,0.45776367,0.2360344,0.047683716,0.02861023,0.49591064,0.4506111,0.48398972,1.2135506,0.9536743,0.46491623,1.013279,0.009536743,0.1502037,0.66280365,0.75906515,0.10848045,0.09000301,1.5723705,0.3260374,0.770092,0.08940697,0.044703484,0.102221966,0.13172626,0.5990267,2.4187565,0.59455633,0.069737434,0.57160854,0.17851591,0.6464124,0.49471855,0.46819448,0.62435865,0.5748868,0.034868717,0.057816505,0.16272068,2.6854873,0.45448542,1.1923909,3.104955,0.58427453,0.8241087,1.5068054,0.016391277,0.48317015,0.23514032,0.41782856,5.3628535,0.43220818,0.025257468,0.89898705,0.56549907,1.1666864,1.3814867,1.1575967,1.1214614,1.1068583,0.17985702,0.6055087,0.42006373
2.3114681,1.834631,1.014471,4.2676926,3.3986568,0.61511993,0.52690506,0.2872944,0.019073486,0.36239624,0.6723404,3.7384033,0.4529953,0.42796135,0.4684925,0.43988228,1.0693073,0.705719,0.61035156,1.0919571,1.0061264,0.5829334,0.6401539,0.07033348,4.3845177,3.3569336,1.7046928,4.160404,1.0347366,1.7499924,6.3681602,0.5054474,0.24080276,1.4233589,0.35524368,0.7390976,0.09536743,0.5221367,0.29802322,0.61273575,0.7534027,1.4424324,0.9727478,0.67949295,1.2969971,0.11444092,0.02861023,0.7724762,1.1587143,0.31411648,0.13053417,2.3436546,0.51259995,0.87559223,0.5573034,0.08940697,0.08583069,0.2616644,0.7170439,2.824068,0.5406141,0.15318394,0.5942583,0.25570393,0.8356571,0.57041645,0.5429983,0.6401539,0.72956085,0.046491623,0.07748604,0.07092953,2.901554,0.5030632,1.1652708,3.658533,0.3194809,0.96201897,1.8841028,0.08106232,0.27120113,0.37193298,0.32126904,5.7184696,0.32007694,0.32544136,0.73194504,0.6067753,1.423955,1.3816357,1.2642145,1.1008978,1.3208389,0.25510788,0.41127205,0.24437904
2.4735928,1.3375282,1.1467934,3.7276745,2.850294,1.1456013,0.27418137,0.6735325,0.3004074,0.4386902,0.6663799,3.8671494,0.1180172,0.49471855,0.29325485,0.590086,0.84877014,0.59247017,0.7367134,1.1634827,0.73313713,0.29087067,0.40531158,0.37789345,3.5433471,2.3779273,1.3482571,4.0365753,1.2785196,1.051873,5.699992,0.051558018,0.25480986,1.1834502,0.66012144,2.02626,0.04053116,0.34540892,0.86933374,0.4339218,1.2098253,1.0766089,0.8815527,1.245141,1.9930303,0.10281801,0.19460917,0.33855438,1.2373924,0.121593475,0.08225441,1.7619133,0.6556511,0.6711483,0.22768974,0.5507469,0.17404556,0.3361702,0.61273575,2.8645992,1.2898445,0.8928776,0.48041344,0.3540516,0.7712841,0.79512596,0.74505806,0.74744225,1.0490417,0.023841858,0.010728836,0.052452087,4.875511,0.36850572,1.3972819,4.937947,0.41425228,1.4178455,0.6532669,0.079125166,0.4824996,0.50008297,0.833869,9.891838,0.56415796,1.4322996,0.39607286,0.87857246,1.6209483,2.4232268,2.56598,2.1001697,2.4601817,0.38206577,0.9380281,0.5334616
2.1362305,1.7845631,0.9071827,3.9935112,3.1745434,0.40888786,0.42796135,0.27298927,0.04529953,0.35524368,0.64492226,3.386736,0.28252602,0.3528595,0.44822693,0.43034554,0.9429455,0.7545948,0.56505203,1.0609627,0.91314316,0.51259995,0.5698204,0.038146973,4.146099,3.170967,1.5902519,4.117489,0.88214874,1.6140938,6.175041,0.40769577,0.27179718,1.5330315,0.3194809,0.808239,0.10728836,0.5531311,0.37670135,0.5507469,0.7843971,1.142025,1.0704994,0.5364418,1.1730194,0.06914139,0.07867813,0.5555153,1.1003017,0.23365021,0.20503998,2.130866,0.30577183,0.77724457,0.48577785,0.026226044,0.038146973,0.24318695,0.6914139,2.6392937,0.3796816,0.09953976,0.49889088,0.1770258,0.8177757,0.66816807,0.51379204,0.68187714,0.6878376,0.02026558,0.008940697,0.06020069,2.9492378,0.41007996,1.3208389,3.5214424,0.7355213,0.89108944,1.8006563,0.021457672,0.1937151,0.40352345,0.44763088,5.4967403,0.115036964,0.15616417,0.56505203,0.37193298,1.4263391,1.5819073,1.2457371,1.1277199,1.2034178,0.06556511,0.5918741,0.27418137
1.5115738,0.9012222,1.1014938,2.2244453,2.2363663,1.1849403,0.084638596,0.33259392,0.04529953,0.51259995,0.3170967,2.298355,0.12397766,0.18835068,0.22411346,0.29563904,0.51140785,0.29206276,0.24557114,0.5745888,0.25868416,0.17166138,0.29563904,0.24914742,3.1208992,2.2673607,1.2373924,3.055334,0.7790327,1.0842085,5.0848722,0.08702278,0.05543232,1.1152029,0.513196,1.3226271,0.004172325,0.16570091,0.821352,0.5066395,0.8702278,0.9036064,0.9995699,1.0085106,1.4126301,0.16093254,0.039935112,0.25331974,0.5350262,0.024959445,0.28669834,0.6055087,0.013187528,0.19736588,0.513196,0.4478544,0.02719462,0.34302473,0.24065375,0.9379536,0.49956143,0.47422945,0.25585294,0.14618039,0.31024218,0.32767653,0.30837953,0.3196299,0.50902367,0.070258975,0.03181398,0.03412366,3.2806396,0.13113022,0.9775162,2.8276443,0.218153,1.424551,0.17404556,0.33020973,0.32186508,0.5221367,0.31352043,6.7317486,0.3540516,1.1491776,0.34451485,0.54597855,1.2207031,1.347065,1.565218,1.2052059,1.4710426,0.218153,0.7748604,0.487566
1.6188622,1.1658669,2.1266937,3.5989285,3.1667948,2.2131205,0.46551228,0.23365021,0.4684925,0.5543232,0.5173683,3.6388636,0.011920929,0.4941225,0.56266785,0.55134296,0.7092953,0.7516146,0.43272972,0.90420246,0.5763769,0.71644783,0.87201595,0.116825104,3.9352477,2.9431283,2.2396445,3.105551,0.39994717,2.4545193,7.355511,0.62167645,0.29444695,1.5285611,0.5464256,0.019073486,0.25123358,0.7802248,0.4951656,0.63210726,0.78752637,1.1022389,1.18047,0.8498132,1.4235079,0.17642975,0.025331974,0.015348196,0.5623698,0.09715557,0.20086765,1.2016296,0.22232533,0.48816204,0.308156,0.115036964,0.00834465,0.39756298,0.41544437,1.5038252,0.31292439,0.35226345,0.27120113,0.04798174,0.4389882,0.41604042,0.49978495,0.45448542,0.46730042,0.0056624413,0.12814999,0.057518482,2.5582314,0.4762411,0.77426434,2.9349327,0.25331974,1.911521,0.00059604645,0.33318996,0.10251999,0.52809715,0.41425228,6.977916,0.41007996,0.80525875,0.39875507,0.18239021,1.4650822,1.5902519,1.6832352,1.0377169,1.3136864,0.192523,0.27418137,0.31471252
1.9955635,1.7797947,1.4567375,3.6287308,3.23534,0.7748604,0.023245811,0.78976154,0.51259995,0.25689602,0.86963177,2.9742718,0.25749207,0.0333786,0.43034554,0.4929304,0.8070469,0.34451485,0.41365623,1.3172626,0.43809414,0.41484833,0.6222725,0.37193298,3.9720535,2.9349327,1.7547607,3.643036,0.95129013,2.2411346,6.7210197,0.25749207,0.4696846,1.7285347,0.5507469,1.206398,0.38862228,0.14543533,0.79870224,0.54359436,1.142025,1.2230873,1.2135506,0.8201599,1.6784668,0.116825104,0.059604645,0.33855438,1.0168552,0.042915344,0.29444695,1.5413761,0.4518032,0.3194809,0.3862381,0.6079674,0.12397766,0.29087067,0.62942505,2.450943,0.98466873,0.61273575,0.49352646,0.2849102,0.7760525,0.76413155,0.667572,0.8881092,0.9047985,0.0500679,0.04887581,0.07390976,3.12984,0.20086765,1.7738342,2.9915571,0.590086,0.4941225,1.3673306,0.12457371,0.37193298,0.15974045,0.45597553,6.312132,0.2539158,0.39994717,0.43153763,0.42915344,1.1831522,1.795888,1.628995,1.423955,1.6951561,0.25629997,0.8457899,0.43809414
2.3913383,1.1229515,1.1849403,3.4713745,2.4580956,1.5544891,0.021457672,0.27418137,0.29444695,0.5745888,0.3695488,4.0352345,0.15616417,0.551939,0.333786,0.6556511,0.67830086,0.71048737,0.6508827,1.0216236,0.6592274,0.30875206,0.4720688,0.32186508,3.5095215,2.3293495,1.3130903,3.5822392,1.0535121,1.501441,5.405545,0.0500679,0.1180172,1.2984872,0.7343292,1.7011166,0.022053719,0.5966425,0.7855892,0.4374981,1.155436,1.192987,0.85890293,0.7969141,1.938343,0.18239021,0.27149916,0.25838614,1.1014938,0.44703484,0.15497208,1.3923645,0.20265579,1.0102987,0.15377998,0.73194504,0.22113323,0.37670135,0.45239925,2.7924776,1.4019012,1.1074543,0.38683414,0.3194809,0.7879734,0.8356571,0.77843666,0.6830692,0.9214878,0.019073486,0.045895576,0.07092953,4.408993,0.00014901161,1.2268871,4.3416767,0.026710331,1.7966702,0.42013824,0.23771077,0.15743077,0.8973852,0.5900115,8.754581,0.9537488,1.8302351,0.45359135,0.77743083,1.6273558,2.2957473,2.2884831,2.1029263,1.8706918,0.26993454,0.60718507,0.53744763
2.0479784,1.5642121,1.0839477,3.5787,3.3134966,0.5974248,0.25760382,0.20477921,0.15895814,0.3798306,0.46938658,3.8459153,0.27880073,0.07688999,0.46774745,0.50872564,1.0491908,0.5722046,0.4600361,0.88103116,0.77679753,0.49557537,0.63385814,0.30118972,3.6931038,3.20673,1.7786026,3.6668777,0.36001205,1.8596649,6.6637993,0.3194809,0.12397766,1.3875961,0.25749207,0.43153763,0.11920929,0.12874603,0.56505203,0.5722046,0.5030632,1.0156631,0.6914139,0.5531311,1.4257431,0.0834465,0.0,0.46014786,0.5578995,0.20951033,0.17732382,1.3771653,0.08791685,0.76174736,0.08046627,0.103116035,0.055730343,0.13679266,0.61541796,2.3016334,0.34570694,0.03606081,0.49084425,0.12129545,0.7137656,0.3889203,0.4592538,0.46879053,0.56415796,0.08016825,0.10043383,0.09179115,3.1131506,0.050663948,0.8326769,3.989935,0.16152859,1.3658404,0.83714724,0.19729137,0.01579523,0.30100346,0.48041344,7.586181,0.2604723,0.16570091,0.80138445,0.69081783,1.6978383,1.5226007,1.6355515,1.1053681,1.514256,0.22649765,0.73999166,0.4130602
1.9174814,1.0806322,1.4179945,3.479123,3.9297342,0.8058548,1.3041496,0.16987324,0.06914139,0.50902367,0.49114227,4.4089556,0.25749207,0.18715858,0.36358833,0.52928925,1.0895729,0.59723854,0.47147274,0.90420246,0.70512295,0.6121397,0.8994341,0.23901463,4.763603,4.4095516,2.347231,4.558563,0.56028366,1.8548965,9.119511,1.5091896,0.19550323,1.5044212,0.047683716,1.1634827,0.09894371,0.166893,0.7236004,0.59366226,0.4386902,1.3184547,1.0347366,0.7069111,1.5354156,0.33140182,0.46372414,0.5233288,0.8124113,0.05930662,0.12785196,1.8030405,0.21845102,0.8994341,0.22828579,0.14454126,0.12397766,0.34332275,0.7149577,2.6389956,0.32514334,0.092983246,0.5233288,0.20802021,0.834465,0.56415796,0.526011,0.61154366,0.6341934,0.056624413,0.038146973,0.057518482,3.1909347,0.179708,0.50649047,4.349053,0.58576465,1.6282499,0.1488626,0.42274594,0.11473894,0.577122,0.5272031,8.630455,0.2270937,0.33557415,0.7416308,0.78961253,1.886934,1.7493963,1.694411,1.3712049,1.4519691,0.090152025,0.48682094,0.29832125
2.2661686,1.0371208,1.0752678,3.1638145,2.2673607,1.4472008,0.14066696,0.2002716,0.14424324,0.616312,0.32186508,3.6549568,0.17762184,0.46014786,0.34093857,0.61392784,0.55909157,0.54597855,0.59247017,0.8368492,0.6175041,0.19431114,0.4196167,0.31232834,3.1596422,2.105236,1.3357401,3.6132336,1.1211634,1.2654066,5.2577257,0.11265278,0.42796135,1.1175871,0.7432699,1.425147,0.05364418,0.73492527,0.8428097,0.44822693,1.026392,0.97572803,0.6222725,0.90420246,1.6695261,0.09059906,0.05722046,0.27239323,1.0666251,0.4941225,0.30100346,1.2809038,0.09596348,0.8881092,0.054836273,0.6970763,0.14275312,0.38087368,0.47534704,2.6130676,1.3589859,1.026988,0.36507845,0.3284216,0.65743923,0.7715821,0.7325411,0.55760145,0.96440315,0.10430813,0.08672476,0.06914139,4.463196,0.1835823,1.2868643,4.314184,0.12516975,1.9913912,0.11742115,0.33140182,0.38862228,0.72181225,0.6341934,9.316206,1.0919571,1.9729137,0.25987625,0.7587671,1.5312433,2.309084,2.4151802,1.9037724,2.1380186,0.42378902,0.7849932,0.49769878
2.4425983,1.2016296,1.1432171,3.490448,2.4604797,1.4042854,0.07510185,0.27537346,0.2169609,0.6222725,0.3838539,3.9625168,0.14424324,0.5996227,0.26345253,0.6341934,0.5328655,0.66518784,0.6747246,0.91552734,0.67949295,0.4184246,0.32901764,0.3671646,3.1280518,2.1535158,1.2540817,3.4326315,1.1241436,1.2463331,4.9841404,0.13709068,0.359416,1.1014938,0.67055225,1.373291,0.046491623,0.73850155,0.7456541,0.42378902,0.89764595,0.9775162,0.654459,0.8761883,1.6707182,0.20086765,0.1603365,0.2592802,1.1855364,0.38862228,0.19788742,1.4466047,0.24080276,0.9816885,0.11444092,0.71942806,0.14424324,0.39815903,0.45835972,2.8049946,1.4042854,1.0973215,0.3451109,0.34928322,0.7176399,0.8428097,0.7790327,0.6169081,1.0478497,0.0059604645,0.13291836,0.044107437,4.294962,0.2604723,1.2725592,4.1784344,0.17687678,1.9437075,0.30860305,0.3246963,0.40650368,0.71391463,0.69871545,9.248405,1.0068715,2.0459294,0.22038817,0.7633865,1.4680624,2.2774935,2.4047494,1.8744171,2.0599365,0.3296137,0.8395314,0.4900992
2.1344423,1.3077259,1.9413233,3.8957596,3.451109,1.6766787,0.42378902,0.33020973,0.3784895,0.5322695,0.45120716,4.0352345,0.0,0.5674362,0.45239925,0.7355213,0.6645918,0.52571297,0.4720688,1.0555983,0.7927418,0.3874302,0.6598234,0.28908253,3.6447496,2.5970488,1.6256422,3.3881516,0.9611249,1.9142404,6.0040503,0.011995435,0.1424551,1.3529509,0.94298273,1.3676286,0.0692904,0.5225092,0.8457899,0.59217215,1.1210889,0.9444356,0.9619072,0.7907674,1.5480444,0.057555735,0.05185604,0.43608248,0.67576766,0.35107136,0.12680888,0.9473413,0.26792288,0.7033348,0.07390976,0.5747378,0.1283735,0.3349781,0.3299862,1.8572807,1.1341274,0.76659024,0.37290156,0.27127564,0.51498413,0.49859285,0.5829334,0.51781535,0.6791204,0.01616776,0.0020116568,0.12077391,3.9547682,0.23365021,1.3738871,3.5732985,0.33259392,1.6796589,0.09059906,0.2002716,0.333786,0.7301569,0.4887581,8.330345,0.8177757,1.6325712,0.3528595,0.7110834,1.3387203,1.9299984,2.2280216,1.8942356,1.4996529,0.46610832,0.7426739,0.60915947
1.7428398,1.014471,1.4400482,2.952814,2.8276443,1.5366077,0.24080276,0.43153763,0.26464462,0.38146973,0.3838539,3.2114983,0.113248825,0.25510788,0.5531311,0.39219856,0.590086,0.6079674,0.17523766,0.8177757,0.77962875,0.13113022,0.63180923,0.24318695,3.9820373,2.7695298,1.7827749,3.4834445,0.7893145,2.1517277,6.9306793,0.8493662,0.1475215,1.4711916,0.88736415,0.92446804,0.12919307,0.22664666,0.7325411,0.43079257,1.2099743,0.8368492,0.9006262,0.82716346,1.7721951,0.059455633,0.12114644,0.40829182,0.80138445,0.2130866,0.41127205,1.0898709,0.15318394,0.6124377,0.24050474,0.5039573,0.2744794,0.34064054,0.46253204,2.1490455,0.79125166,0.7146597,0.4786253,0.3579259,0.5492568,0.50902367,0.60915947,0.54091215,0.69886446,0.0035762787,0.12397766,0.1180172,3.8349628,0.39756298,1.2686849,3.6022067,0.23186207,2.30968,0.16063452,0.2104044,0.14722347,0.30964613,0.45895576,8.699596,0.6893277,1.2159348,0.6774068,0.71406364,1.3962388,1.8543005,1.8975139,1.3840199,1.9526482,0.40382147,0.5978346,0.346303
2.13027,1.0550022,1.2660027,3.7169456,2.6369095,1.7499924,0.3683567,0.22888184,0.5185604,0.44703484,0.5877018,3.8397312,0.19788742,0.6186962,0.320673,0.5853176,0.6222725,0.667572,0.78320503,1.0681152,0.6020069,0.23841858,0.4684925,0.500679,4.332438,2.7173758,2.0557642,4.0020046,0.81166625,2.3275614,7.089525,0.0014156103,0.08136034,1.6063452,0.9455532,1.2201816,0.29206276,0.6618351,0.77180564,0.5246699,1.1823326,1.2171268,0.9828806,0.90025365,2.170056,0.18589199,0.3001094,0.4029274,1.1223555,0.37789345,0.24020672,1.5228987,0.20444393,1.0079145,0.12755394,0.74625015,0.29981136,0.37550926,0.5018711,2.6476383,1.3810396,1.103878,0.43988228,0.28014183,0.79751015,0.8010864,0.7855892,0.74386597,0.94890594,0.06735325,0.06735325,0.14901161,4.3031573,0.028312206,1.4950335,4.4979153,0.10192394,1.931414,0.31143427,0.30905008,0.08508563,0.7034838,0.6906688,8.879677,0.94629824,1.7814338,0.37766993,0.7106364,1.5850365,2.1851807,2.349615,2.0933895,1.8662214,0.42930245,0.71138144,0.7337332
2.347827,2.1237135,1.1742115,4.3451786,3.464222,0.67293644,0.5120039,0.3117323,0.019669533,0.30457973,0.6234646,3.7950277,0.36597252,0.017285347,0.5567074,0.49233437,0.9405613,0.69618225,0.4130602,1.0442734,0.9560585,0.4518032,0.5465746,0.067949295,4.386902,3.4356117,1.8084049,4.2390823,0.6747246,1.7249584,6.787777,0.5531311,0.28252602,1.3923645,0.20623207,0.48279762,0.0834465,0.05722046,0.6663799,0.49114227,0.7200241,1.2302399,0.9918213,0.8773804,1.3446808,0.06198883,0.015497208,0.48160553,1.1429191,0.3322959,0.33974648,2.1886826,0.34838915,0.81568956,0.74088573,0.00923872,0.033974648,0.29087067,0.7724762,2.7030706,0.51259995,0.10639429,0.7325411,0.15497208,0.81032515,0.706017,0.49084425,0.73850155,0.8177757,0.09059906,0.07271767,0.09119511,3.2298267,0.59518963,1.362823,3.8538873,0.46223402,1.0314212,1.898557,0.01680106,0.4117936,0.39044768,0.6346777,6.3256545,0.39957464,0.118725,1.0398402,0.53554773,1.4567747,1.7213821,1.1787937,1.3244524,1.392588,0.35233796,0.76506287,0.33017248
2.2119284,1.5962124,1.2898445,4.326105,3.2925606,0.88751316,0.013113022,0.3194809,0.06258488,0.38981438,0.2872944,3.861189,0.29444695,0.24497509,0.4172325,0.5555153,0.61273575,0.52571297,0.5918741,0.8648634,0.7712841,0.6341934,0.654459,0.0590086,4.220009,3.4475327,1.9955635,3.9935112,0.4541874,1.9299984,6.9499016,0.73194504,0.4553795,1.360178,0.5400181,0.027418137,0.09894371,0.7033348,0.27537346,0.6723404,0.7712841,1.2028217,0.8678436,0.79989433,1.0919571,0.166893,0.2861023,0.68068504,0.84519386,0.01579523,0.14454126,1.6954541,0.11950731,0.9292364,0.28461218,0.06496906,0.021457672,0.20682812,0.5751848,2.2423267,0.32812357,0.025629997,0.44614077,0.119805336,0.6055832,0.43272972,0.46044588,0.4428625,0.49889088,0.022947788,0.018179417,0.12397766,3.11777,0.044628978,0.99495053,3.6396832,0.50090253,1.3180077,1.1864305,0.091940165,0.2503395,0.3693998,0.31203032,6.5704436,0.12539327,0.21070242,0.5492568,0.4157424,1.282692,1.4513731,1.424253,1.1280179,1.0721385,0.26971102,0.5555153,0.34287572
2.1761656,1.8644333,1.4638901,4.2557716,3.4332275,1.0621548,0.61929226,0.32663345,0.15974045,0.27894974,0.52034855,3.7002563,0.4863739,0.025629997,0.66518784,0.61273575,0.8761883,0.86426735,0.45001507,1.0859966,0.94532967,0.59247017,0.8493662,0.2872944,4.196167,3.0100346,1.8894672,3.6239624,0.8738041,2.1874905,6.7150593,0.07748604,0.1180172,1.5234947,0.56147575,0.603199,0.02503395,0.08583069,0.3540516,0.58174133,0.8523464,1.2564659,0.9226799,0.821352,1.5926361,0.015497208,0.06198883,0.3838539,1.1485815,0.0047683716,0.14066696,1.8239021,0.43660402,0.72062016,0.28431416,0.29236078,0.22143126,0.107586384,0.77813864,3.00169,0.84906816,0.4336238,0.45478344,0.21576881,0.68604946,0.5662441,0.6580353,0.7727742,0.6878376,0.033080578,0.15974045,0.112354755,3.3658743,0.17732382,1.3227761,3.3929944,0.4644692,0.937134,1.7902255,0.385046,0.15825033,0.18715858,0.6644428,6.5024195,0.59857965,0.4762411,0.66295266,0.46759844,1.5838444,1.6625226,1.526326,1.257211,1.3923645,0.3248453,0.42125583,0.43302774
2.014935,1.1698902,0.9648502,3.2402575,3.3728778,0.2554059,1.0189414,0.025331974,0.062286854,0.3373623,0.45374036,3.6114454,0.05364418,0.14185905,0.17344952,0.5739927,0.90256333,0.44971704,0.67844987,1.0791421,0.5480647,0.48339367,0.57786703,0.15884638,4.6253204,3.6501884,2.360344,4.386902,0.28848648,1.7869473,8.268356,1.2648106,0.32901764,1.4662743,0.29563904,0.47683716,0.17166138,0.16093254,0.58174133,0.33020973,0.64373016,1.1324883,1.1003017,0.74744225,1.7952919,0.29206276,0.4553795,0.37789345,1.1944771,0.071525574,0.25689602,1.9466877,0.4261732,0.5674362,0.4297495,0.31471252,0.16212463,0.34093857,0.6836653,2.7608871,0.7736683,0.36895275,0.5364418,0.29027462,0.80645084,0.8034706,0.6747246,0.7659197,0.7611513,0.04053116,0.0113248825,0.017285347,3.2639503,0.2360344,0.9763241,3.889799,0.3015995,0.8928776,0.99897385,0.2360344,0.09775162,0.48398972,0.42676926,7.0518255,0.13649464,0.28073788,0.5054474,0.70273876,1.4454126,1.7780066,1.6152859,1.2254715,1.3816357,0.13589859,0.5930662,0.17523766
1.513958,0.9405613,1.4042854,2.450943,2.59161,1.2981892,0.32663345,0.3683567,0.026226044,0.45657158,0.27179718,2.5081635,0.12397766,0.2014637,0.39935112,0.31113625,0.43153763,0.44822693,0.2360344,0.67949295,0.43034554,0.22411346,0.4529953,0.26106834,3.0830503,2.1414459,1.3713539,2.7195363,1.0526925,1.6651676,5.630031,0.34041703,0.0074878335,1.4582648,0.9569153,1.1592731,0.059232116,0.3772974,0.8687377,0.78301877,0.8316338,0.7619709,1.1464208,0.8843839,1.264587,0.23856759,0.15523285,0.27768314,0.4569441,0.1425296,0.34958124,0.48987567,0.0064074993,0.21912158,0.3656745,0.46387315,0.028312206,0.31284988,0.24996698,1.0821223,0.5285442,0.5838275,0.34287572,0.22619963,0.2898276,0.33080578,0.3695488,0.3450364,0.44107437,0.07815659,0.11086464,0.052899122,3.3330917,0.25868416,1.1354685,2.7000904,0.23424625,1.603365,0.11384487,0.23841858,0.15258789,0.41484833,0.3540516,6.875992,0.5066395,1.2236834,0.39696693,0.48458576,1.128912,1.5044212,1.5592575,1.2618303,1.4060736,0.3862381,0.6580353,0.41365623
2.0867586,1.9359589,1.206994,3.95298,3.619194,0.5245209,0.09715557,0.269413,0.0333786,0.39994717,0.5364418,3.7246943,0.44226646,0.06377697,0.5733967,0.5245209,0.94532967,0.6580353,0.38146973,0.9536743,0.96559525,0.45895576,0.7170439,0.20623207,4.0364265,3.015995,1.8644333,3.7908554,0.4696846,1.8072128,6.494522,0.333786,0.17404556,1.3399124,0.27418137,0.2360344,0.0166893,0.12874603,0.4529953,0.5340576,0.7200241,1.0919571,0.872612,0.7557869,1.3208389,0.06914139,0.0071525574,0.4529953,0.87857246,0.079870224,0.17166138,1.8620491,0.26524067,0.77068806,0.38713217,0.104904175,0.14513731,0.18566847,0.6774068,2.733767,0.42915344,0.050663948,0.61899424,0.16331673,0.82552433,0.58084726,0.44196844,0.6812811,0.63568354,0.1052022,0.022649765,0.08881092,2.9331446,0.39577484,1.2123585,3.6895275,0.5066395,0.9638071,2.053082,0.14334917,0.40531158,0.3248453,0.4684925,6.0263276,0.35613775,0.04351139,0.98615885,0.52183867,1.4790893,1.6754866,1.219511,1.2341142,1.2564659,0.2747774,0.551641,0.30606985
2.3585558,1.3464689,1.5437603,3.9613247,3.1799078,1.6355515,0.094771385,0.36895275,0.385046,0.52034855,0.53167343,3.8701296,0.10788441,0.54717064,0.4506111,0.7736683,0.62704086,0.7301569,0.5662441,1.077652,0.8493662,0.4684925,0.5674362,0.3451109,3.8720667,2.656132,1.4859438,3.812611,1.078546,1.6668439,5.9574842,0.056922436,0.23379922,1.5057623,0.8906424,1.6482174,0.1527369,0.69245696,0.782609,0.47042966,1.2166798,1.1019409,1.0123849,0.85651875,2.0827353,0.21979213,0.28416514,0.32618642,1.2266636,0.34213066,0.15795231,1.5622377,0.30696392,0.99778175,0.015497208,0.70273876,0.25689602,0.410676,0.4941225,2.785921,1.4334917,1.1044741,0.44167042,0.3504753,0.808835,0.8511543,0.78856945,0.7176399,0.975132,0.014305115,0.026226044,0.06437302,4.774332,0.11950731,1.5830994,4.3055415,0.5465746,1.899004,0.45508146,0.2014637,0.35256147,0.78111887,0.6580353,9.52661,0.99927187,1.912713,0.39935112,0.7137656,1.7783046,2.398789,2.5719404,2.1356344,1.9708276,0.49978495,0.8973479,0.5656481
1.9071996,1.5028566,1.1154264,3.4561753,3.190115,0.6815046,0.43407083,0.03963709,0.08970499,0.5047023,0.38556755,3.6416948,0.1206249,0.027865171,0.4824996,0.46610832,0.8638948,0.49076974,0.34935772,0.75891614,0.5681813,0.50634146,0.6043911,0.010281801,3.8158894,3.2162666,1.8906593,3.4201145,0.047683716,1.7488003,6.709099,0.71644783,0.4863739,1.1944771,0.24914742,0.8428097,0.06198883,0.20742416,0.6055832,0.48398972,0.31232834,0.9095669,0.6914139,0.49114227,1.1861324,0.046491623,0.269413,0.54478645,0.48786402,0.12472272,0.2169609,1.1196733,0.0667572,0.7405877,0.021606684,0.14960766,0.041276217,0.28684735,0.5835295,2.0380318,0.28461218,0.03963709,0.5093217,0.059604645,0.6252527,0.42557716,0.39204955,0.36090612,0.4929304,0.07972121,0.055134296,0.046789646,2.8264523,0.26792288,0.85800886,3.489554,0.13530254,1.2099743,0.6303191,0.27894974,0.14275312,0.62555075,0.34183264,6.9642067,0.14156103,0.07301569,0.8493662,0.5251169,1.4588237,1.5631318,1.3199449,0.98735094,1.15484,0.21100044,0.5829334,0.18149614
2.1517277,1.8852949,1.6051531,4.1151047,3.6078691,1.0424852,0.5966425,0.3963709,0.166893,0.28908253,0.48816204,3.5458803,0.53167343,0.1347065,0.71644783,0.590086,0.9471178,0.79512596,0.4386902,1.0508299,0.7921457,0.62704086,0.9995699,0.21338463,4.169941,2.9039383,1.9431114,3.464222,0.6866455,2.0980835,6.713867,0.11205673,0.042915344,1.4829636,0.52690506,0.705719,0.009536743,0.11920929,0.41246414,0.5340576,0.8869171,1.2397766,0.89883804,0.9250641,1.5354156,0.05722046,0.0,0.46730042,0.95546246,0.006556511,0.18596649,1.8507242,0.41246414,0.7158518,0.25480986,0.28282404,0.24557114,0.14573336,0.7325411,3.0234456,0.8365512,0.42140484,0.55372715,0.2348423,0.7125735,0.5248189,0.5400181,0.6914139,0.6571412,0.010430813,0.18000603,0.08106232,3.094077,0.35226345,1.4621019,3.4683943,0.37908554,0.7367134,2.1284819,0.37491322,0.3671646,0.385046,0.37133694,6.263852,0.69499016,0.38981438,0.9471178,0.5161762,1.5729666,1.539588,1.2993813,1.1914968,1.4621019,0.2670288,0.27954578,0.2616644
1.770854,1.1456013,1.5974045,2.9098988,2.8049946,1.5413761,0.43928623,0.36001205,0.14603138,0.3260374,0.36478043,3.117919,0.01013279,0.19133091,0.46133995,0.40829182,0.58829784,0.54717064,0.38564205,0.74386597,0.66399574,0.21457672,0.49233437,0.27954578,3.7442148,2.478212,1.6540289,2.8248131,0.8547306,2.1377206,6.7429247,0.5416572,0.041425228,1.6829371,1.1858344,1.0436773,0.07003546,0.3825128,0.89630485,0.8139014,1.0488927,0.82314014,1.3622642,1.091063,1.4454126,0.2808869,0.120699406,0.34675002,0.86829066,0.14804304,0.5093217,0.8055568,0.12032688,0.43287873,0.32037497,0.461936,0.10788441,0.2553314,0.42296946,1.9237399,0.72032213,0.77202916,0.4300475,0.32022595,0.4722923,0.48927963,0.57570636,0.5055964,0.60498714,0.099018216,0.17106533,0.07495284,3.9303303,0.07688999,1.502037,3.1143427,0.63061714,1.7628074,0.39041042,0.29593706,0.18194318,0.31739473,0.6093085,7.4888763,0.74133277,1.3671815,0.5725026,0.53077936,1.4226139,1.7231703,1.7821789,1.4983118,1.5746057,0.4784763,0.7328391,0.5185604
2.0681694,1.6401336,1.0762364,3.618002,3.3571944,0.59604645,0.22381544,0.25071204,0.17147511,0.4005432,0.481084,3.7393346,0.29027462,0.03479421,0.48089772,0.5090609,1.0192394,0.5810708,0.47273934,0.86214393,0.7440895,0.4934892,0.6336719,0.2966076,3.824234,3.376007,1.7142296,3.8170815,0.3361702,1.7595291,6.761551,0.33855438,0.15497208,1.4448166,0.23841858,0.62942505,0.09536743,0.14066696,0.57697296,0.52928925,0.500679,1.0967255,0.77962875,0.64373016,1.4209747,0.10728836,0.0166893,0.4696846,0.5996227,0.1463294,0.19013882,1.4385581,0.07122755,0.79005957,0.15050173,0.1052022,0.05632639,0.154078,0.6315112,2.2646785,0.36865473,0.01758337,0.5054474,0.13023615,0.7107854,0.41395426,0.4798174,0.47534704,0.56654215,0.10162592,0.08434057,0.078082085,3.0988455,0.09953976,0.8648634,3.9499998,0.123381615,1.398623,0.8520484,0.23335218,0.05811453,0.25838614,0.47385693,7.546842,0.33825636,0.13142824,0.78082085,0.7110834,1.6254187,1.4877319,1.6015768,1.0684133,1.4585257,0.33169985,0.67800283,0.35703182
