no-op,no-op,no-op,no-op,no-op,no-op,no-op,no-op,fire left,fire left,fire left,fire left,fire left,fire left,fire left,fire left,fire main,fire main,fire main,fire main,fire main,fire main,fire main,fire main,fire right,fire right,fire right,fire right,fire right,fire right,fire right,fire right
x,y,vel x,vel y,angle,angular vel,left leg hit,righ leg hit,x,y,vel x,vel y,angle,angular vel,left leg hit,righ leg hit,x,y,vel x,vel y,angle,angular vel,left leg hit,righ leg hit,x,y,vel x,vel y,angle,angular vel,left leg hit,righ leg hit
0.029135115,0.012991156,0.021717485,0.015957706,0.022989651,0.02133048,0.024076201,0.024076201,0.031327467,0.013976041,0.02332991,0.017113112,0.024718264,0.02293196,0.025886713,0.025886713,0.00019176773,8.551071e-05,0.00014292354,0.00010499774,0.00015131582,0.0001403931,0.00015846782,0.00015846782,0.0019570277,0.00087275356,0.0014582603,0.0010709963,0.0015442,0.0014327101,0.0016171857,0.0016171857
0.06630321,0.053666253,0.06006248,0.062154964,0.053781196,0.05350516,0.055214137,0.055214137,0.011353139,0.009190593,0.0102825295,0.01063947,0.009210469,0.009163061,0.009455486,0.009455486,0.05989319,0.048478074,0.05425447,0.05614361,0.048581906,0.048332356,0.049876302,0.049876302,0.042020533,0.03401278,0.038062677,0.039381817,0.034085467,0.03390984,0.034993604,0.034993604
0.36530578,0.029423073,0.016695593,0.7104222,0.24109018,0.22744924,0.24593148,0.24593148,0.16372551,0.0131763555,0.007400335,0.31867194,0.10803594,0.10191935,0.11020648,0.11020648,0.3575484,0.028795024,0.016334023,0.69536144,0.23596889,0.22261733,0.24070746,0.24070746,0.14801808,0.011920446,0.006763274,0.28787696,0.097687215,0.09215992,0.09964888,0.09964888
0.021635396,0.88134396,0.015081072,1.1761382,0.07853751,0.031051999,0.03908794,0.03908794,0.00819991,0.3323287,0.0057320315,0.44385642,0.029643895,0.011748958,0.01478212,0.01478212,0.014865354,0.6054792,0.010362707,0.8079775,0.05395835,0.021335442,0.026855227,0.026855227,0.004982043,0.20342156,0.0034690953,0.27134487,0.01812105,0.0071573295,0.009009831,0.009009831
0.01252283,0.02870668,0.0013523633,0.016203431,0.010622825,0.022573216,0.011771269,0.011771269,0.06256976,0.14361174,0.0067994744,0.08092295,0.053070083,0.11283297,0.05881846,0.05881846,0.0060133124,0.013789676,0.00065109367,0.0077803135,0.0051007057,0.010840948,0.0056524696,0.0056524696,0.022145117,0.050812654,0.0024082232,0.028646568,0.01878285,0.03993263,0.020816516,0.020816516
0.08047471,0.009346828,0.08315402,0.48918355,0.08073032,0.075096875,0.08230616,0.08230616,0.06539902,0.0066041946,0.06757843,0.3973831,0.0654532,0.061001666,0.066867515,0.066867515,0.078706644,0.008748427,0.08132584,0.4784233,0.07886816,0.07342762,0.08048942,0.08048942,0.0210803,0.00068701245,0.021774687,0.12823422,0.02074878,0.019579053,0.02152032,0.02152032
0.025006622,0.0144958105,0.022397354,0.023957066,0.02115652,0.021739252,0.02161149,0.02161149,0.02785382,0.016158063,0.024939157,0.02666013,0.023568954,0.024217375,0.024075061,0.024075061,0.0060369177,0.0034997175,0.0054067476,0.0057831565,0.0051075346,0.0052481936,0.005217353,0.005217353,0.03674055,0.02130257,0.03290343,0.03519317,0.031085607,0.03194132,0.03175369,0.03175369
0.046672784,0.043468483,0.04356104,0.04348393,0.043283984,0.043537363,0.041784197,0.043473836,0.30490506,0.28484374,0.2854687,0.2849395,0.28378218,0.28532383,0.28122592,0.28487897,0.06636364,0.061920658,0.062054858,0.06194197,0.06167698,0.062022477,0.060470007,0.061928295,0.11866774,0.11098168,0.11122738,0.11101842,0.11058791,0.11117223,0.1104554,0.11099536
0.10222152,0.0778147,0.0903987,0.09720885,0.084799126,0.08850859,0.086820066,0.086820066,0.06619634,0.050402805,0.05853375,0.062919326,0.054923505,0.05732283,0.056230094,0.056230094,0.10267767,0.07816136,0.090800926,0.097639725,0.08517704,0.088903464,0.087207116,0.087207116,0.03158411,0.024042776,0.027930215,0.030026723,0.026200444,0.027347498,0.026825136,0.026825136
0.13513751,0.4704139,0.11400211,0.12215909,0.13358308,0.12566479,0.13468477,0.13468477,0.14371528,0.481866,0.12103786,0.13894579,0.14141639,0.12553456,0.14322908,0.14322908,0.23003384,0.76760525,0.1936973,0.22374846,0.22626002,0.19968763,0.22925654,0.22925654,0.0987564,0.3309448,0.08316861,0.09551105,0.097174734,0.08622365,0.09842242,0.09842242
0.045926336,0.04278495,0.04278499,0.042789407,0.042606045,0.042789686,0.04119223,0.042790078,0.3061791,0.2860153,0.2860148,0.2860456,0.28495127,0.28604692,0.2820009,0.2860497,0.065149374,0.060791913,0.060791865,0.060798302,0.060554445,0.06079863,0.059355505,0.06079921,0.12048573,0.11266421,0.11266384,0.112676136,0.112263486,0.112676606,0.111888535,0.11267772
0.07191271,0.010687128,0.036973864,0.032539353,0.05962546,0.054818403,0.058497395,0.058497395,0.024680592,0.003673158,0.012670082,0.011230304,0.020461382,0.018810168,0.020074006,0.020074006,0.039163217,0.0058201193,0.020131966,0.01773117,0.03247114,0.029852973,0.031856753,0.031856753,0.004158082,0.00061802194,0.0021368866,0.0018841913,0.0034474982,0.0031694851,0.003382261,0.003382261
0.056221537,0.046656616,0.051529773,0.053974826,0.04525896,0.04529472,0.046700172,0.046700172,0.04659494,0.038673446,0.042700738,0.04472205,0.037516907,0.037545614,0.03870952,0.03870952,0.05016715,0.04163282,0.045979664,0.048159506,0.04038575,0.040417384,0.041671686,0.041671686,0.055052716,0.04568984,0.050455526,0.0528363,0.044321477,0.044355147,0.04573248,0.04573248
0.045974165,0.042828497,0.042831887,0.04283328,0.04264936,0.042833332,0.04122942,0.042833634,0.30609137,0.28593278,0.2859552,0.28596503,0.2848697,0.28596503,0.28194043,0.28596717,0.065226704,0.060863417,0.060868196,0.06087025,0.060625717,0.060870282,0.059425313,0.060870722,0.12036497,0.112551704,0.11256044,0.11256438,0.11215176,0.112564355,0.11179097,0.112565205
0.0046731606,0.43334404,0.0094746575,0.2199647,0.027970552,0.002825696,0.0018781051,0.0018781051,0.006678641,0.6267097,0.013801232,0.3174649,0.040399343,0.004196707,0.0026403107,0.0026403107,0.003602365,0.33350828,0.007295169,0.16928002,0.021532651,0.0021673013,0.0014517233,0.0014517233,0.0017196694,0.15835299,0.003462514,0.08038668,0.01023283,0.0010162517,0.0006992193,0.0006992193
0.054900542,0.015879598,0.045761794,0.05535432,0.056204174,0.07803485,0.056971703,0.056971703,0.036984578,0.010617066,0.030814404,0.037225552,0.037852924,0.052575544,0.03837785,0.03837785,0.040396176,0.011667357,0.033665553,0.040720336,0.041352093,0.057424948,0.04192008,0.04192008,0.043985806,0.012651863,0.036635026,0.044298902,0.04501628,0.06255025,0.045645297,0.045645297
0.00516868,0.1650423,0.0012271311,0.39058256,0.062495172,0.0002351664,0.0012589879,0.0012589879,0.0057740994,0.17489868,0.0016961582,0.40954587,0.066226654,0.00065465644,0.001731826,0.001731826,0.0033028973,0.10527947,0.00079144724,0.24902345,0.03986129,0.00015900377,0.0008118199,0.0008118199,0.001319096,0.042235825,0.00031119678,0.099911265,0.015985407,5.747238e-05,0.00031935098,0.00031935098
0.06739688,0.046462853,0.059557594,0.061948836,0.055856183,0.057589903,0.057388127,0.057388127,0.037869975,0.026115483,0.033456173,0.034784965,0.031389654,0.032362767,0.0322494,0.0322494,0.054449182,0.03753671,0.04811454,0.050046675,0.045125574,0.046526194,0.046363182,0.046363182,0.00801277,0.0055239676,0.0070802565,0.0073644677,0.0066407495,0.006846849,0.0068228594,0.0068228594
0.04599913,0.03777128,0.043966375,0.4540069,0.04720512,0.051243164,0.04302787,0.04302787,0.015074951,0.012851981,0.014405789,0.14879972,0.015357696,0.016798258,0.014094888,0.014094888,0.04397288,0.036426887,0.042027846,0.43403068,0.045028053,0.04899346,0.04112918,0.04112918,0.023481686,0.020897873,0.022432955,0.23205505,0.023602571,0.026199065,0.021946087,0.021946087
0.08973092,0.060539134,0.078057155,0.07885977,0.07425808,0.077305704,0.076497585,0.076497585,0.053105168,0.03583944,0.046183255,0.04663249,0.043952897,0.045755446,0.04527702,0.04527702,0.08444013,0.056968987,0.07345292,0.07420701,0.069879256,0.07274732,0.07198678,0.07198678,0.024045698,0.016222745,0.020916095,0.021127723,0.019899108,0.02071597,0.020499328,0.020499328
0.04503204,0.04215177,0.042872857,0.042432643,0.041998208,0.042558912,0.040259317,0.042144023,0.32561725,0.30534613,0.31060863,0.30733967,0.30429167,0.30892298,0.29460075,0.30529073,0.0635244,0.05952749,0.060550086,0.059920408,0.059317544,0.060175136,0.057189412,0.059516646,0.13429031,0.1260449,0.12822098,0.12687537,0.12562159,0.12761812,0.1219611,0.12602241
0.06303802,0.03377665,0.05393348,0.042227045,0.049565822,0.043599233,0.05234363,0.05234363,0.093383566,0.05004943,0.07981558,0.062331636,0.073416196,0.064558595,0.07753311,0.07753311,0.059558656,0.03191392,0.050944068,0.039850973,0.04682794,0.041185968,0.049453106,0.049453106,0.089910716,0.04818912,0.076851025,0.05993323,0.070684254,0.06214375,0.07465042,0.07465042
0.045906566,0.042767078,0.04276549,0.04277149,0.042588238,0.04277192,0.041176915,0.04277218,0.30622047,0.28605503,0.2860433,0.28608498,0.28499028,0.2860874,0.2820292,0.28608924,0.06511744,0.06076256,0.060760163,0.06076888,0.06052513,0.060769435,0.059326537,0.06076982,0.120538995,0.11271413,0.11270932,0.11272594,0.11231299,0.112726845,0.11193115,0.11272758
71.75764,20.759445,98.621574,15.4110565,82.23066,168.43668,1316.9432,1631.9175,0.12816662,0.33838454,0.71426773,0.32845235,0.6090994,1.0195146,6.3055882,7.725912,0.42101598,0.31039923,0.19328842,0.34121037,0.1806266,0.042726412,2.055341,2.672826,0.056442928,0.19327733,0.39360037,0.18884386,0.33614373,0.5545596,3.357667,4.109197
0.033513464,0.028779142,0.04843493,0.06402184,0.035008468,0.0324507,0.033466764,0.033466764,0.04934367,0.042280167,0.0713072,0.0942069,0.0515396,0.04778319,0.049276605,0.049276605,0.0036414966,0.0031262832,0.005262629,0.0069560977,0.0038038816,0.0035260962,0.0036364363,0.0036364363,0.03894902,0.03341812,0.056282178,0.07439129,0.04068449,0.037716523,0.038895108,0.038895108
0.008570977,0.36977977,0.05361019,0.43863747,0.01488357,0.09415355,0.009121124,0.009121124,0.0007181885,0.058929052,0.009442459,0.07160235,0.0015366804,0.014583712,0.00078689493,0.00078689493,0.006437391,0.3578704,0.05448774,0.42963207,0.012003455,0.08993237,0.0069127195,0.0069127195,0.005266698,0.1840741,0.040056713,0.24462733,0.004916694,0.040772803,0.005287092,0.005287092
0.18671511,0.15510061,0.14445876,0.15188974,0.15372506,0.15096192,0.005018618,0.35089082,0.20245549,0.16285565,0.1499992,0.16104218,0.14943245,0.15785255,0.005363852,0.58254343,0.27290702,0.2193498,0.20197791,0.21696329,0.20084828,0.21258907,0.007295847,0.7921447,0.104788184,0.08428592,0.07763009,0.083348736,0.07732831,0.08169591,0.0027668774,0.301703
0.049411014,0.045899287,0.046276577,0.045960724,0.045697287,0.046179496,0.0431378,0.04590208,0.30047044,0.2807337,0.28320453,0.2810616,0.2797473,0.2826903,0.27768835,0.28075087,0.070647776,0.06585403,0.06641807,0.06593557,0.0655992,0.06629005,0.06382189,0.06585805,0.11226381,0.10508534,0.10602838,0.10520326,0.10474549,0.10584508,0.105481334,0.10509174
0.09964231,0.08689883,0.10939363,0.21876171,0.081733674,0.0898038,0.09921622,0.09921622,0.094733045,0.08708829,0.104111984,0.20864463,0.07733196,0.08526762,0.09428868,0.09428868,0.1741767,0.1574101,0.19135131,0.38324046,0.14241213,0.15683788,0.17338225,0.17338225,0.09194764,0.084345154,0.10104768,0.20249277,0.075076446,0.08275916,0.091516815,0.091516815
0.10904251,0.05740016,0.07753013,0.050334238,0.086178675,0.08817659,0.08966578,0.08966578,0.07210408,0.03796583,0.051226366,0.033178024,0.056982394,0.058302846,0.059288688,0.059288688,0.10338572,0.054421213,0.07350464,0.047715593,0.081707165,0.08360149,0.08501352,0.08501352,0.026744623,0.014077891,0.019013923,0.0123387305,0.021136558,0.021626614,0.02199192,0.02199192
0.031608496,0.040191732,0.027308987,0.026966957,0.034152426,0.046811014,0.03367754,0.03367754,0.03123539,0.03962844,0.026980989,0.026573002,0.033741374,0.046250377,0.033276405,0.033276405,0.0010968477,0.0013942532,0.00094758,0.00093540986,0.0011850516,0.0016244111,0.0011686266,0.0011686266,0.0038693282,0.004915718,0.0033423274,0.0032973574,0.0041800137,0.0057305065,0.0041224193,0.0041224193
3.110719,0.2103733,1.3440691,6.358549,1.2987566,0.26990077,1.6213415,1.6213415,0.1356154,0.009169963,0.058604456,0.27722612,0.056618627,0.011762867,0.070682466,0.070682466,2.5432093,0.17198892,1.098878,5.198551,1.0618107,0.22065288,1.3255452,1.3255452,1.5003312,0.1014586,0.6482841,3.0668507,0.6263962,0.1301634,0.7819834,0.7819834
0.029692037,0.020542435,0.026934613,0.02950726,0.024726504,0.02553789,0.02533007,0.02533007,0.020161266,0.0139546,0.018285386,0.020024963,0.016793052,0.017343108,0.017202135,0.017202135,0.002970017,0.0020548722,0.0026941227,0.0029514832,0.0024733734,0.0025545177,0.0025337338,0.0025337338,0.024565792,0.016997742,0.022283044,0.024411913,0.020458829,0.02112967,0.020957861,0.020957861
0.030355195,0.06991457,0.033065837,0.019929424,0.024701623,0.02999667,0.029871881,0.029871881,0.12321153,0.28524846,0.13431042,0.08194113,0.10006681,0.12174508,0.12123248,0.12123248,0.07207622,0.16633847,0.07853913,0.047517996,0.05860705,0.0712221,0.07092414,0.07092414,0.0086875055,0.020099299,0.009470298,0.005751812,0.007057705,0.0085841045,0.008547973,0.008547973
0.18050578,0.14924264,0.15039146,0.1433143,0.1495347,0.17743275,0.047366865,0.31664717,0.24921504,0.20569879,0.20948243,0.19413775,0.20683336,0.24252163,0.074233875,0.44714695,0.28829935,0.2379418,0.24241662,0.22441399,0.23928535,0.2804531,0.08629486,0.51775503,0.088682435,0.07319738,0.07454379,0.06908325,0.07360177,0.08629644,0.026421344,0.1591137
0.028165955,0.090774775,0.059975684,0.06632428,0.033994436,0.023897797,0.028091453,0.028091453,0.0658351,0.21204758,0.140183,0.15492085,0.07944934,0.055857822,0.06566045,0.06566045,0.0139596,0.044983484,0.029723337,0.032867566,0.016847808,0.011844482,0.013922665,0.013922665,0.06582663,0.2120411,0.14013575,0.15494506,0.0794402,0.05585663,0.06565244,0.06565244
0.06169669,0.030489396,0.07287861,0.1946255,0.044026755,0.07461555,0.0739326,0.0739326,0.043701064,0.020949911,0.051616527,0.13815705,0.031054523,0.05285071,0.052360974,0.052360974,0.0474057,0.02342172,0.05599699,0.1495201,0.033830993,0.057331245,0.056806803,0.056806803,0.0051545333,0.002561207,0.0060886256,0.0162336,0.0036828031,0.006233428,0.006176709,0.006176709
0.08492742,0.04389384,0.06844727,0.04646527,0.06607127,0.05751318,0.069509365,0.069509365,0.07611659,0.039359346,0.061250642,0.041269235,0.05920212,0.051498685,0.062287863,0.062287863,0.08731311,0.045134716,0.0703381,0.047608584,0.06792188,0.0591077,0.07145877,0.07145877,0.10240529,0.0529816,0.0823479,0.055034537,0.07963951,0.069224626,0.08379832,0.08379832
0.18214065,0.14816949,0.14860186,0.14497043,0.1480192,0.17326486,0.048087813,0.32359996,0.25373766,0.20643547,0.20897727,0.19954437,0.20645615,0.239863,0.07531096,0.45834023,0.29081756,0.23660316,0.23960686,0.22858845,0.23663715,0.27484968,0.086734675,0.5257128,0.087940715,0.0715469,0.07242773,0.06915864,0.07155424,0.0831289,0.026107414,0.15884784
0.17631857,0.14623913,0.14193034,0.14275339,0.14233097,0.16582808,0.04415977,0.36054456,0.21799283,0.18351477,0.18013987,0.17836821,0.17968473,0.20599961,0.08468802,0.42998505,0.280635,0.23640318,0.23217216,0.22972676,0.23152739,0.26525602,0.11079217,0.55270684,0.10185918,0.085751876,0.08417724,0.08334601,0.083964415,0.09625457,0.03960737,0.20089477
0.046125032,0.04322258,0.044024453,0.043510366,0.0431804,0.04362034,0.041685946,0.04319953,0.32295203,0.30322492,0.30889755,0.30520275,0.30293965,0.3067296,0.29556626,0.30306578,0.06540183,0.061359785,0.062503606,0.061764568,0.061301276,0.062010445,0.059544798,0.06132743,0.13108867,0.12319503,0.12550487,0.1240075,0.12308174,0.12472267,0.12043114,0.12313146
0.07109802,1.0448643,0.07165476,0.95533794,0.007963901,0.05481958,0.04936579,0.04936579,0.06710726,0.98556525,0.06763816,0.90042156,0.007498728,0.051747352,0.046611324,0.046611324,0.026578035,0.390546,0.026786271,0.35705638,0.0029745083,0.020493489,0.01845518,0.01845518,0.030507205,0.44824386,0.03074642,0.40976393,0.0034131287,0.023523318,0.021184277,0.021184277
0.014493106,0.0031610793,0.01115756,0.006412786,0.012639825,0.011761429,0.012529517,0.012529517,0.009140475,0.001998833,0.007030413,0.004025351,0.007971474,0.0074170493,0.007901894,0.007901894,0.024656042,0.0053796666,0.01897856,0.010902314,0.02150307,0.02000856,0.021315407,0.021315407,0.032249354,0.007041825,0.024818413,0.014247632,0.028125476,0.026170619,0.027880032,0.027880032
0.12245032,0.018442031,0.06813556,0.072004735,0.10295747,0.10705058,0.10077846,0.10077846,0.06821466,0.010284627,0.037911247,0.0402951,0.057349656,0.05963273,0.056135,0.056135,0.107630745,0.016208228,0.059884124,0.06330848,0.09049614,0.09409417,0.08858073,0.08858073,0.027630813,0.004159958,0.01537144,0.016260084,0.023231754,0.024155533,0.022739995,0.022739995
0.056955606,0.04075177,0.050810717,0.053359695,0.046755664,0.04811711,0.048230883,0.048230883,0.01891363,0.013536446,0.016868876,0.017709795,0.01552893,0.015980385,0.016018152,0.016018152,0.041970093,0.030029666,0.037440866,0.039319586,0.034453943,0.03545712,0.035540953,0.035540953,0.00888015,0.006353884,0.007921485,0.008318912,0.007289977,0.007502193,0.0075199306,0.0075199306
0.038099986,0.024702393,0.029351056,0.057963725,0.036253124,0.04990358,0.037961464,0.037961464,0.04508706,0.029336149,0.034716584,0.06855063,0.04289294,0.059070926,0.044923402,0.044923402,0.024972476,0.01620435,0.019234478,0.03798958,0.023760647,0.032712284,0.024881694,0.024881694,0.036935166,0.02401608,0.028433774,0.05617071,0.035138085,0.048394643,0.03680091,0.03680091
0.10742199,0.03560387,0.13860098,1.1985263,0.0516497,0.15877211,0.14151165,0.14151165,0.19106126,0.061602637,0.24656254,2.1319952,0.09207716,0.28246534,0.25174674,0.25174674,0.044461295,0.014703671,0.057367347,0.49610046,0.021380942,0.065716855,0.058572236,0.058572236,0.09620914,0.03168423,0.12414208,1.0736021,0.046279237,0.14221221,0.12674992,0.12674992
0.059926286,0.6522099,0.04418944,0.98499143,0.09425331,0.05743973,0.07102588,0.07102588,0.009255441,0.10014824,0.006843468,0.15163764,0.0145131545,0.008865934,0.010960916,0.010960916,0.05425431,0.5898913,0.040026776,0.8912168,0.08528652,0.051994078,0.064294815,0.064294815,0.03536112,0.38206497,0.026173912,0.57906127,0.055383712,0.033833485,0.041870423,0.041870423
0.10424736,1.8447794,0.11445153,1.8184053,0.030743688,0.08071417,0.067255795,0.067255795,0.07822968,1.3835526,0.08588813,1.363149,0.023037156,0.06057415,0.050489023,0.050489023,0.05281513,0.934544,0.057984635,0.92115396,0.015570792,0.040893517,0.034075797,0.034075797,0.018470764,0.32683045,0.02027875,0.3221418,0.005445421,0.014301511,0.011917144,0.011917144
0.22125426,4.387176,0.58824617,1.0548944,0.2299681,0.31552643,0.22370398,0.22370398,0.2783197,5.5753794,0.7462614,1.3322836,0.28936893,0.39787394,0.28142363,0.28142363,0.35344994,7.107439,0.9506712,1.6946546,0.36752462,0.5057472,0.35740268,0.35740268,0.12381886,2.4807422,0.33204603,0.5927504,0.1287351,0.17701368,0.12519985,0.12519985
0.045864254,0.042728357,0.042723946,0.042732447,0.04254975,0.042733036,0.041143723,0.042733498,0.3062938,0.28612298,0.2860918,0.28615105,0.28505766,0.28615427,0.28207985,0.28615752,0.06504901,0.06069903,0.060692556,0.060704917,0.06046185,0.06070566,0.059264723,0.060706344,0.12064322,0.112810835,0.11279829,0.11282191,0.112409115,0.1128231,0.112015806,0.11282441
0.0031484328,0.8713281,0.028825417,0.04375142,0.08525963,0.035411473,0.00435861,0.00435861,0.0018035695,0.46625218,0.015239529,0.022217572,0.04534896,0.019171247,0.0021975543,0.0021975543,0.005795017,1.5179226,0.04977339,0.07294458,0.14789303,0.06236863,0.007241234,0.007241234,0.0038359854,0.99340975,0.03248644,0.047549754,0.09666238,0.040822975,0.004692029,0.004692029
0.04892765,0.14615794,0.020907797,0.038170245,0.03941578,0.09546908,0.045937594,0.045937594,0.03665881,0.10973587,0.015762456,0.028520867,0.029518686,0.07159385,0.034417644,0.034417644,0.0430802,0.12879558,0.018461782,0.033571128,0.0346983,0.084091015,0.04044619,0.04044619,0.047927007,0.14371969,0.020759419,0.037174676,0.038574144,0.09368071,0.04499082,0.04499082
0.21101618,0.19172424,0.20140938,0.19726872,0.2099629,0.31955874,0.0760957,0.114766195,0.15113845,0.1392128,0.14671998,0.14349967,0.15165952,0.23094428,0.046969384,0.09545876,0.35028744,0.32210803,0.3393469,0.3319601,0.35112855,0.5346765,0.11103591,0.21746011,0.19787045,0.18222551,0.19204545,0.18783456,0.19853011,0.30231255,0.061631024,0.1247479
0.08241472,0.12510666,0.060103133,0.009518795,0.0890155,0.13465878,0.08760928,0.08760928,0.029729418,0.04507643,0.021677673,0.0034752414,0.032105938,0.048570648,0.03160127,0.03160127,0.059134386,0.089757815,0.04311914,0.006845992,0.06386648,0.09662822,0.06286148,0.06286148,0.05051459,0.07665836,0.036816515,0.0058943033,0.054546185,0.0825657,0.053698633,0.053698633
0.037500598,0.02922997,0.034719005,0.037743974,0.030958395,0.031302433,0.03171632,0.03171632,0.054362126,0.042381257,0.050324097,0.054701157,0.04488642,0.045383975,0.045983344,0.045983344,0.02453154,0.019121498,0.022711435,0.024689984,0.020252194,0.02047718,0.020747922,0.020747922,0.03830222,0.029856723,0.03545919,0.038545296,0.031622037,0.031973068,0.032395795,0.032395795
0.046131805,0.042971924,0.042985782,0.04297796,0.042791978,0.042977367,0.041351095,0.042977106,0.3058123,0.28566983,0.28576374,0.28570962,0.2846098,0.28570625,0.28174803,0.2857044,0.06548135,0.06109879,0.061118715,0.061107326,0.06086033,0.061106555,0.05965445,0.06110617,0.11997352,0.112187,0.112224035,0.11220253,0.111789525,0.11220126,0.11147478,0.11220053
0.046155065,0.042993214,0.04300793,0.042999662,0.042813122,0.042999126,0.041369922,0.042998426,0.3057902,0.2856492,0.28574893,0.28569153,0.28458935,0.28568894,0.28173614,0.28568396,0.06551882,0.06113355,0.061154712,0.061142646,0.06089492,0.061142012,0.05968854,0.06114097,0.11992778,0.11214454,0.11218387,0.11216104,0.11174728,0.11216013,0.11143798,0.112158135
0.17957374,0.1394363,0.12478515,0.13831253,0.13739482,0.15495232,0.0049877465,0.44238433,0.22301582,0.17882547,0.1653348,0.17698163,0.17689468,0.19557285,0.042520836,0.5030479,0.28713936,0.23057665,0.21348622,0.22817457,0.22812566,0.25199383,0.056930825,0.64501214,0.104162276,0.083529994,0.07723534,0.082668215,0.08262933,0.091347635,0.019908473,0.2348875
0.1782993,0.07067694,0.0668547,0.061634213,0.12008433,0.11834634,0.1298668,0.1298668,0.112893514,0.04474573,0.04224308,0.03924302,0.07601471,0.07491073,0.082212195,0.082212195,0.17961949,0.07119927,0.067346826,0.0621015,0.12097281,0.11922189,0.1308279,0.1308279,0.05967211,0.023656754,0.022379793,0.020633541,0.04019147,0.039609935,0.04346516,0.04346516
0.046064712,0.042910837,0.042921416,0.042916726,0.042731255,0.04291868,0.041302145,0.04291616,0.30594862,0.285797,0.28586853,0.28583604,0.28473565,0.28585035,0.2818541,0.28583258,0.06537336,0.06099881,0.06101398,0.061007157,0.060760684,0.061010096,0.059559926,0.06100639,0.120151296,0.11235213,0.11238035,0.112367414,0.11195357,0.1123732,0.11162157,0.11236608
0.046015922,0.042866644,0.04287236,0.042871896,0.042687275,0.042871878,0.0412625,0.04287179,0.30602914,0.28587455,0.28591293,0.28590965,0.2848121,0.28590965,0.2819,0.285909,0.06529415,0.060925912,0.060934067,0.06093338,0.06068798,0.060933366,0.059486456,0.060933236,0.120268606,0.11246212,0.11247718,0.11247589,0.11206272,0.11247589,0.11171326,0.11247563
0.14130855,0.5505774,0.10178913,0.0901558,0.14193472,0.1589652,0.14095289,0.14095289,0.16588062,0.6372695,0.11862018,0.14483401,0.16615538,0.1771776,0.1655016,0.1655016,0.23185581,0.88741213,0.16550846,0.2156531,0.23208445,0.24445742,0.23133942,0.23133942,0.09017514,0.34631515,0.06447398,0.07906093,0.09032078,0.09623771,0.089969486,0.089969486
0.045757063,0.04263045,0.04261948,0.04263369,0.042452388,0.042634632,0.0410585,0.042635564,0.3064652,0.28628385,0.2862075,0.28630674,0.28521678,0.28631175,0.2821957,0.28631836,0.06487554,0.060538366,0.060522452,0.0605431,0.06030174,0.060544275,0.059107527,0.060545646,0.12089852,0.11304853,0.11301797,0.11305761,0.11264527,0.113059446,0.11222332,0.113062106
0.17945254,0.14430425,0.13684766,0.14258188,0.14286858,0.16311887,0.033275664,0.3826742,0.22687155,0.18487394,0.17783612,0.18185206,0.18338612,0.20742479,0.062473916,0.4712236,0.2865036,0.23361777,0.22488019,0.22974643,0.23175837,0.2620237,0.080202565,0.5943607,0.10124815,0.08250811,0.07937012,0.08115842,0.08184485,0.09256938,0.027906176,0.21028122
0.030152569,0.021705247,0.035392847,0.16203368,0.040868327,0.028016806,0.034286603,0.034286603,0.009139627,0.0065463316,0.010723285,0.048945896,0.012384884,0.008490082,0.010388728,0.010388728,0.016861945,0.012117438,0.019792024,0.09061886,0.022851566,0.015666943,0.019173374,0.019173374,0.012372392,0.008855745,0.014522301,0.06652519,0.016761605,0.0114950035,0.014068242,0.014068242
0.029009482,0.12350116,0.018420702,0.5982684,0.030452423,0.030938115,0.01766075,0.01766075,0.011974874,0.051382136,0.0076039396,0.2468609,0.012469943,0.0127770845,0.0072896043,0.0072896043,0.029072493,0.12382418,0.01846551,0.5993955,0.030479489,0.031010378,0.017704133,0.017704133,0.014774379,0.06333713,0.009400652,0.3041221,0.015268885,0.015788391,0.009014355,0.009014355
0.095996365,0.037540443,0.050072685,0.0076693483,0.07576716,0.08036657,0.077938244,0.077938244,0.15365943,0.060129814,0.08002941,0.011940014,0.12126864,0.12863791,0.12474544,0.12474544,0.06772886,0.026485879,0.03532307,0.0054010637,0.053455725,0.056701053,0.05498759,0.05498759,0.05431705,0.021241643,0.028325208,0.0043284576,0.04287032,0.045472976,0.044098828,0.044098828
0.042880625,0.16342776,0.051318727,0.22489053,0.064158805,0.05043149,0.051117502,0.051117502,0.08209355,0.31170043,0.0981896,0.4285134,0.12275349,0.09650304,0.097805664,0.097805664,0.014874104,0.05666457,0.01779988,0.07797232,0.022253558,0.01749244,0.017730104,0.017730104,0.046161365,0.17571619,0.05523488,0.24182367,0.06905065,0.054281928,0.05501842,0.05501842
0.06358234,0.06412756,0.06371855,0.38566527,0.06773737,0.07571328,0.06661839,0.06661839,0.042666696,0.042530365,0.042764172,0.25875986,0.045375943,0.050807163,0.04469388,0.04469388,0.06552799,0.06607449,0.06566865,0.3974628,0.06980359,0.078032434,0.06865627,0.06865627,0.07501037,0.075513825,0.07516371,0.45540833,0.079848886,0.089346476,0.078587264,0.078587264
0.07821081,0.06095906,0.07141549,0.076320335,0.06481595,0.06563578,0.06633128,0.06633128,0.029355682,0.022885136,0.026801575,0.028627146,0.024331942,0.02463895,0.024900055,0.024900055,0.08013745,0.062462527,0.07317342,0.07818317,0.066413596,0.06725335,0.06796637,0.06796637,0.07006782,0.054622993,0.063976094,0.06828508,0.058073457,0.058806635,0.059431627,0.059431627
0.074413836,0.060093593,0.06709605,0.0701686,0.06074664,0.06105554,0.062185578,0.062185578,0.0004867061,0.00039310145,0.00043876946,0.0004587848,0.00039737814,0.00039939024,0.00040677597,0.00040677597,0.07040453,0.05685593,0.06347972,0.06638488,0.057473753,0.057765864,0.058835186,0.058835186,0.04376839,0.035346657,0.039461892,0.041258916,0.035730425,0.035911635,0.036576875,0.036576875
0.070604816,0.05823621,0.06464967,0.06632349,0.0568472,0.055766713,0.05860695,0.05860695,0.03895117,0.032132342,0.035659034,0.03657329,0.03136712,0.030770088,0.032336738,0.032336738,0.06961988,0.057424903,0.06374617,0.06538908,0.05605517,0.054988742,0.05779043,0.05779043,0.066786334,0.055093143,0.06114806,0.06268826,0.053778633,0.05275159,0.05544357,0.05544357
0.08021332,0.0042841733,0.082499966,0.4464122,0.07934799,0.08138457,0.08204902,0.08204902,0.05324784,0.0020687096,0.05476108,0.29621902,0.052553944,0.054009475,0.05445122,0.05445122,0.078517646,0.004050009,0.08075456,0.43696356,0.07763814,0.07966063,0.08031145,0.08031145,0.028193563,0.000727186,0.028987925,0.15700823,0.02771268,0.02858413,0.028820284,0.028820284
0.009322241,0.008128215,0.020268634,0.03420042,0.010250501,0.009450281,0.01021445,0.01021445,0.057647027,0.05022098,0.12545533,0.21180984,0.063410334,0.058490552,0.06319286,0.06319286,0.00649052,0.0056591714,0.014115584,0.023821851,0.0071374695,0.0065809977,0.007112508,0.007112508,0.019803058,0.017265445,0.043083154,0.072722,0.021779805,0.020084806,0.021704255,0.021704255
0.035262406,0.028656632,0.032287158,0.03408654,0.028571382,0.028808977,0.029346978,0.029346978,0.028885355,0.023478333,0.026444465,0.02791673,0.023409292,0.023603356,0.024043463,0.024043463,0.017574314,0.014282241,0.016091112,0.016988248,0.014239816,0.014358196,0.014626296,0.014626296,0.017005611,0.013820524,0.015569876,0.01643809,0.013779582,0.013894062,0.0141534135,0.0141534135
0.040851712,0.017431865,0.025622047,0.01749779,0.033154286,0.03339683,0.033941578,0.033941578,0.10382132,0.04434485,0.0650413,0.044280928,0.08425898,0.08487387,0.08625996,0.08625996,0.0011099554,0.0004736676,0.00069605536,0.00047522367,0.00090081035,0.00090739893,0.00092220184,0.00092220184,0.08065865,0.034428254,0.050575167,0.03452322,0.0654619,0.065940544,0.06701618,0.06701618
0.041239925,0.03283054,0.037136354,0.040453732,0.03403876,0.0348119,0.034599014,0.034599014,0.024535194,0.019536756,0.022091493,0.02406025,0.020255363,0.020714365,0.020587955,0.020587955,0.019920442,0.015858568,0.017937962,0.019540867,0.016442224,0.0168156,0.016712794,0.016712794,0.013095109,0.010425279,0.011791667,0.012845768,0.010808986,0.01105432,0.010986777,0.010986777
0.057383705,0.002979674,0.07209352,0.1051561,0.05716817,0.057873536,0.056991957,0.056991957,0.056653574,0.0028610118,0.07117769,0.10380683,0.056441545,0.057145916,0.056272395,0.056272395,0.04039368,0.0020952444,0.050747767,0.07402339,0.040241957,0.040739045,0.040118184,0.040118184,0.011822822,0.00061219535,0.014852748,0.021666007,0.011778394,0.011924184,0.011742303,0.011742303
0.01988843,0.70268625,0.02196291,0.5418093,0.044650476,0.07633791,0.031080652,0.031080652,0.012772389,0.49589086,0.014163928,0.37631038,0.031378534,0.05221327,0.020572057,0.020572057,0.031090211,1.1903665,0.03436846,0.9072586,0.07529791,0.12627909,0.049865417,0.049865417,0.01788272,0.6919037,0.019756127,0.52653253,0.043698106,0.07321818,0.02878153,0.02878153
0.07714312,0.08991211,0.16783944,0.16589463,0.083807364,0.03897327,0.08040212,0.08040212,0.04651225,0.053921994,0.1009893,0.10006644,0.0505087,0.02362644,0.048465237,0.048465237,0.080951616,0.09414828,0.17596307,0.17410949,0.08792662,0.040987857,0.0843595,0.0843595,0.08398235,0.09653277,0.18163414,0.18072042,0.0911157,0.043024562,0.087449424,0.087449424
0.18096966,0.1460764,0.14197129,0.14415237,0.14545402,0.1680597,0.04371624,0.35359743,0.2369656,0.19267426,0.18933526,0.18885711,0.19208132,0.22035287,0.07144223,0.4599693,0.28911522,0.23515733,0.2312037,0.230421,0.23444638,0.26886725,0.088030614,0.56107163,0.09682354,0.078727186,0.07736436,0.0771665,0.078485295,0.09003386,0.029204596,0.18793723
0.066214904,0.045243435,0.058866464,0.062254407,0.05515358,0.057282887,0.056633405,0.056633405,0.041788824,0.028563598,0.037142545,0.039263118,0.034813173,0.03615568,0.035745863,0.035745863,0.052567,0.035918027,0.046731986,0.04942201,0.04378563,0.045476012,0.044960395,0.044960395,0.0041521518,0.0028371145,0.0036911177,0.0039035813,0.0034585618,0.003592067,0.0035513425,0.0035513425
0.049790807,0.041220743,0.09390061,0.14457808,0.05792614,0.068907045,0.05642169,0.05642169,0.005236125,0.004342282,0.009885958,0.015226916,0.006096567,0.0072553763,0.005937538,0.005937538,0.047346972,0.039200474,0.08929791,0.13749003,0.05508553,0.065529145,0.05365455,0.05365455,0.028050814,0.02322801,0.052906815,0.08143893,0.032637484,0.038824264,0.031789564,0.031789564
0.099374,0.061324548,0.082157195,0.07478243,0.0812273,0.08437069,0.08411205,0.08411205,0.056568325,0.034919173,0.046747264,0.042512774,0.04624054,0.048029386,0.047882035,0.047882035,0.09600741,0.05924618,0.07937152,0.07224329,0.07847491,0.08151197,0.08126207,0.08126207,0.03127429,0.019299328,0.025854044,0.023525143,0.025562886,0.02655236,0.02647093,0.02647093
0.18018292,0.14109893,0.12819761,0.13996962,0.13947926,0.15821066,0.015109159,0.421811,0.22478497,0.18036175,0.1680856,0.17834711,0.17875448,0.19963701,0.047605902,0.494694,0.28788173,0.23125573,0.21577054,0.2286362,0.22922213,0.25581753,0.06278021,0.63167006,0.10378294,0.0832784,0.07761568,0.08234742,0.08253716,0.09217383,0.022018522,0.2283532
0.17486055,0.3169677,0.17548202,0.34374925,0.15852433,0.17717879,0.18027475,0.18027475,0.09420365,0.16305327,0.094487175,0.18480529,0.08532374,0.09544545,0.09705611,0.09705611,0.29609734,0.5166351,0.29700935,0.58109593,0.26823494,0.30003846,0.30509534,0.30509534,0.18939942,0.32841668,0.18997759,0.37176028,0.17152432,0.19183725,0.19513687,0.19513687
0.07051609,0.02235027,0.054715894,0.07920962,0.06897387,0.0945968,0.071558625,0.071558625,0.021201367,0.0067776865,0.016434928,0.023771819,0.020731717,0.028452437,0.021514567,0.021514567,0.0649014,0.020618519,0.050338008,0.07286461,0.06347635,0.08708092,0.06586119,0.06586119,0.05561719,0.017848251,0.04305532,0.062276974,0.05437585,0.07468445,0.05644089,0.05644089
0.05027686,0.529119,0.042385466,0.8484544,0.07931918,0.050654598,0.060631443,0.060631443,0.01454975,0.1554946,0.012215024,0.247451,0.02316975,0.014712435,0.017586667,0.017586667,0.04246828,0.45099682,0.035714947,0.71996963,0.06735913,0.04286823,0.05128398,0.05128398,0.022517964,0.255407,0.018587604,0.39524746,0.037144214,0.023043992,0.027470306,0.027470306
0.046159633,0.042997308,0.043012608,0.043003697,0.042817198,0.043003082,0.04137296,0.04300251,0.3057742,0.2856341,0.28573775,0.285676,0.28457442,0.28567278,0.2817235,0.28566876,0.06552622,0.061140336,0.061162345,0.061149355,0.060901705,0.061148588,0.059694946,0.061147742,0.11991149,0.11212929,0.112170205,0.11214566,0.111732185,0.11214449,0.111424744,0.112142876
0.037948765,0.024116889,0.03367372,0.035071068,0.031430867,0.032265812,0.032416806,0.032416806,0.015346345,0.009757207,0.013612921,0.014171452,0.012712327,0.01304952,0.013110578,0.013110578,0.01409099,0.008955199,0.0125030335,0.01302189,0.011670886,0.011980879,0.012036944,0.012036944,0.012424162,0.007896437,0.011023376,0.01148084,0.01029063,0.010563875,0.010613296,0.010613296
0.07116229,0.09769923,0.07793715,0.12179011,0.05791433,0.0645244,0.07064897,0.07064897,0.065238744,0.09100198,0.07148578,0.112125926,0.052952807,0.059117947,0.064754,0.064754,0.13721484,0.18981329,0.15030861,0.23534712,0.111527964,0.124381624,0.13621041,0.13621041,0.079481125,0.11064136,0.087084904,0.13653412,0.06453676,0.0720271,0.07889196,0.07889196
0.017051429,0.012330496,0.01554413,0.017235402,0.014056755,0.014565395,0.014433834,0.014433834,0.0032339734,0.0023395251,0.0029476855,0.0032675122,0.0026666597,0.0027629365,0.002738026,0.002738026,0.012813199,0.009266064,0.011680274,0.0129512735,0.010563178,0.0109452745,0.010846449,0.010846449,0.02773425,0.020058272,0.02528137,0.028032372,0.022865472,0.023692,0.023478251,0.023478251
0.14455186,0.13401456,0.10202325,0.016734809,0.15043594,0.22156495,0.15112588,0.15112588,0.008284671,0.0076711983,0.005853215,0.00094232196,0.008622829,0.012690817,0.008660785,0.008660785,0.14956972,0.1386714,0.10560719,0.01714497,0.15566799,0.22921297,0.15636963,0.15636963,0.10471777,0.09711872,0.07419004,0.011060618,0.10905169,0.160217,0.10946578,0.10946578
0.008785864,0.023220506,0.069739535,0.15166098,0.024095308,0.039960857,0.022484334,0.022484334,0.000872619,0.0023302594,0.0069933026,0.015219214,0.0024116854,0.004005755,0.0022497454,0.0022497454,0.006169509,0.01632462,0.049028438,0.10663165,0.016935447,0.028091846,0.015802585,0.015802585,0.003315581,0.0087890215,0.026394889,0.0574139,0.00911419,0.015122508,0.008504029,0.008504029
0.063958004,0.12751217,0.085173905,0.2636268,0.06865551,0.047650665,0.06852993,0.06852993,0.022171542,0.042588115,0.029405497,0.089631915,0.023916466,0.016642205,0.02373543,0.02373543,0.06478935,0.12671587,0.086113274,0.26466107,0.06972313,0.048455678,0.06939341,0.06939341,0.036185797,0.059772115,0.047346376,0.13707748,0.03972992,0.027894061,0.038636286,0.038636286
0.045928396,0.042786896,0.04278712,0.04279136,0.04260797,0.042791624,0.041193657,0.042792,0.30617416,0.28601122,0.28601187,0.28604144,0.28494707,0.28604275,0.28199643,0.2860454,0.06515272,0.060795117,0.06079533,0.060801502,0.06055761,0.06080182,0.05935833,0.060802374,0.12047981,0.112658896,0.11265902,0.1126708,0.112258166,0.11267126,0.111883394,0.11267233
0.04599733,0.04284963,0.042853966,0.0428548,0.04267038,0.042854883,0.04124845,0.042854816,0.30606675,0.28590932,0.2859382,0.28594393,0.28484657,0.28594446,0.28192776,0.28594404,0.065264076,0.060897984,0.060904138,0.060905345,0.060660172,0.060905457,0.059459675,0.060905363,0.12031779,0.11250767,0.11251898,0.11252126,0.11210803,0.112521484,0.111753434,0.1125213
0.09763946,0.0601183,0.07807228,0.06811927,0.07835486,0.07997539,0.081523806,0.081523806,0.047697153,0.029374959,0.03811814,0.03322637,0.03827729,0.03906794,0.039824992,0.039824992,0.093531474,0.057588167,0.07478477,0.06524677,0.07505758,0.07660994,0.07809335,0.07809335,0.034170825,0.021039434,0.02732034,0.023827814,0.027421355,0.02798848,0.02853059,0.02853059
0.07444195,0.05892142,0.06629373,0.072680816,0.06170355,0.06372732,0.06280981,0.06280981,0.052149862,0.041286334,0.046437815,0.050898053,0.04323469,0.044649854,0.044008113,0.044008113,0.06468026,0.051194884,0.05759976,0.06315045,0.053612337,0.055370633,0.054573473,0.054573473,0.007983631,0.006319118,0.0071095442,0.007794717,0.0066175265,0.0068345442,0.006736153,0.006736153
